insert into platform values ('PS3');
insert into platform values ('PS4');
insert into platform values ('Xbox360');
insert into platform values('XboxOne');
insert into platform values ('Steam');
insert into game (id, image_url, title, platform_title, summary, first_release_date) values (11123, 'http://images.igdb.com/igdb/image/upload/t_cover_big/kln2xrk7av3dzrt60auq.png', 'Mass Effect: Andromeda', 'Xbox360', 'Mass Effect: Andromeda takes you to the Andromeda galaxy, far beyond the Milky Way. There, youll lead our fight for a new home in hostile territory - where WE are the aliens.', '2017-Mar-21');
insert into screenshot (id, url, game_id) values (999998, 'https://images.igdb.com/igdb/image/upload/t_screenshot_huge/og2vhbqftsdljfhornu1.jpg', 11123);
insert into screenshot (id, url, game_id) values (999999, 'https://images.igdb.com/igdb/image/upload/t_screenshot_huge/fq8e0gyyv4kupamkawyu.jpg', 11123);
insert into game (id, image_url, title, platform_title, summary, first_release_date) values (111234, 'http://images.igdb.com/igdb/image/upload/t_cover_big/m1qtsn4ehaen83bbp1ee.png', 'Forza Motorsport 3', 'Xbox360', 'Forza Motorsport 3 is a racing video game developed for Xbox360 by Turn 10 Studios. It was released in October 2009. It is the sequel to Forza Motorsport 2 and the third installment in the Forza Motorsport series. The game includes more than 400 customizable cars (More than 500 cars in the Ultimate Collection version) from 50 manufacturers and more than 100 race track variations with the ability to race up to eight cars on track at a time. These cars vary from production cars to race cars such as those from the American Le Mans Series.', '2009-Oct-22');
insert into game (id, image_url, title, platform_title, summary, first_release_date) values (11125, 'http://images.igdb.com/igdb/image/upload/t_cover_big/gy5jzbxk068kduoki6wx.png', 'Fallout 4: Nuka World', 'PS3', 'Take a trip to Nuka-World, a vast amusement park now a lawless city of Raiders. Explore an all-new region with an open wasteland and park zones like Safari Adventure, Dry Rock Gulch, Kiddie Kingdom, and the Galactic Zone. Lead lethal gangs of Raiders and use them to conquer settlements, bending the Commonwealth to your will. Nuka-World features new quests, Raiders, weapons, creatures, and more. Enjoy the ride!', '2016-Aug-30');
insert into game (id, image_url, title, platform_title, summary, first_release_date) values (111236, 'http://images.igdb.com/igdb/image/upload/t_cover_big/fhbeilnghyhhmjqhinqa.png', 'Titanfall 2', 'PS3', 'Titanfall 2 will deliver a crafted experience that explores the unique bond between man and machine. Playable offline, the single player campaign in Titanfall 2 will let fans step out onto the Frontier as a Militia rifleman with aspirations of becoming an elite Pilot. Stranded behind enemy lines and facing overwhelming odds, players must team up with a veteran Titan to uphold a mission they were never meant to carry out.', '2016-Oct-28');
insert into game (id, image_url, title, platform_title, summary, first_release_date) values (19459, 'http://images.igdb.com/igdb/image/upload/t_cover_big/cmtplicvdajycqx2vz6t.png', 'FIFA 17', 'PS4', 'For the first time ever in FIFA, live your story on and off the pitch as the Premier League’s next rising star, Alex Hunter. Play on any club in the Premier league, for authentic managers and alongside some of the best players on the planet. Experience brand new worlds in FIFA 17, all while navigating your way through the emotional highs and lows of The Journey.', '2016-Sep-27');
insert into game (id, image_url, title, platform_title, summary, first_release_date) values (11071, 'http://images.igdb.com/igdb/image/upload/t_cover_big/z6ukyh2er3ntgeax0yew.png', 'FIFA 16', 'Xbox360', 'FIFA 16 innovates across the entire pitch to deliver a balanced, authentic, and exciting football experience that lets you play your way, and compete at a higher level. Youll have Confidence in Defending, take Control in Midfield, and youll produce more Moments of Magic than ever before. FIFA 16 - Play Beautiful.', '2015-Sep-22');
insert into game (id, image_url, title, platform_title, summary, first_release_date) values (9254, 'http://images.igdb.com/igdb/image/upload/t_cover_big/uppylnya8h7k7jblynnj.png', 'Subnautica', 'Steam', 'Subnautica is an open world, underwater exploration and adventure game currently under construction at Unknown Worlds, the independent developer behind Natural Selection 2.', '2014-Dec-16');
insert into game (id, image_url, title, platform_title, summary, first_release_date) values (10233, 'http://images.igdb.com/igdb/image/upload/t_cover_big/nis45tdtxwveq3lde7wz.png', 'Brawlhalla', 'Steam', 'A 2D platform fighter where the best of the baddest-ass warriors in history battle each other in an eternal tourney of champions for bragging rights, infinite mead, and the pure pleasure of delivering a beatdown.', '2014-Apr-30');



insert into game (id, image_url, title, platform_title, summary, first_release_date) values (999999, 'https://lh3.googleusercontent.com/YqlXGn_KbC5zxxEDr12vsYWjcMpZokEmGZ76opYh4VmRwa2FCP6fHYzFcad5-xj4C677=w300', 'Xbox Home', 'Xbox360', 'Home screen for Xbox360.', '2017-08-27');
insert into game (id, image_url, title, platform_title, summary, first_release_date) values (999998, 'https://lh3.googleusercontent.com/YqlXGn_KbC5zxxEDr12vsYWjcMpZokEmGZ76opYh4VmRwa2FCP6fHYzFcad5-xj4C677=w300', 'Xbox Home', 'XboxOne', 'Home screen for XboxOne.', '2017-08-27');



insert into profile values (3333, 'Hello, Im Logan', 'http://fbcoverstreet.com/content/Ps2AWabysTFnG4Cwmd3fDTwB96a8bfU1jcbAPWXVIvkQkVLA67cReBU66zAZAdXN.jpg')
insert into users (id, email, password, phone_num, username, profile_id, last_activity, image_url) values (2222, 'email@email.com', '$2a$10$B3817q3eSePRvTpSqewAZeKwZX1l2HoLyeRnX0VdEBE4gnJg76ZFe', '8016789986', 'logangster', 3333, now(), 'https://images.igdb.com/igdb/image/upload/t_micro/mjustxpafje74fzjbeuy.jpg')
insert into user_library values (2222, 11123)
insert into user_library values (2222, 111234)
insert into gamer_identifier (identifier, platform, user_id) values ('Logangsta', 'Xbox Live', 2222)
insert into gamer_identifier (identifier, platform, user_id) values ('76561197967080913', 'Steam', 2222)

insert into profile values (5555, 'Hello, Im Jackson', 'http://www.coverphotos.tk/web/image-thumbnails/233/338-md.jpg')
insert into users (id, email, password, phone_num, username, profile_id, last_activity, image_url) values (4444, 'email@email.com', '$2a$10$B3817q3eSePRvTpSqewAZeKwZX1l2HoLyeRnX0VdEBE4gnJg76ZFe', '8019138949', 'jacksonmeister', 5555, now(), 'https://images.igdb.com/igdb/image/upload/t_micro/scutr4p9gytl4txb2soy.jpg')
insert into user_library values (4444, 11123)
insert into user_library values (4444, 11125)
insert into user_library values (4444, 111236)
insert into user_library values (4444, 11071)
insert into user_library values (4444, 9254)
insert into user_library values (4444, 10233)




insert into profile values (7777, 'Hello, Im Chris', 'http://www.f-covers.com/cover/tes-skyrim-elder-scrolls-video-game-games-gaming-facebook-cover-timeline-banner-for-fb.jpg')
insert into users (id, email, password, phone_num, username, profile_id, last_activity, image_url) values (6666, 'email@email.com', '$2a$10$B3817q3eSePRvTpSqewAZeKwZX1l2HoLyeRnX0VdEBE4gnJg76ZFe', '8014139990', 'weetermachine', 7777, now(), 'http://images.igdb.com/igdb/image/upload/t_micro/l3n0zuklmgkloi1udslt.png')
insert into user_library values (6666, 11123)
insert into user_library values (6666, 111234)
insert into gamer_identifier (identifier, platform, user_id) values ('weetermachine', 'Xbox Live', 6666)
insert into gamer_identifier (identifier, platform, user_id) values ('76561198015600919', 'Steam', 6666)


insert into profile values (9999, 'Hello, Im Kelsey', 'http://fbcoverstreet.com/content/hDMRz5MHncV1tPFA96tn8DLyommiaSBkYaDNFzVY5ItYZaMq43gJOCle2XlNRmpV.jpg')
insert into users (id, email, password, phone_num, username, profile_id, last_activity, image_url) values (8888, 'email@email.com', '$2a$10$B3817q3eSePRvTpSqewAZeKwZX1l2HoLyeRnX0VdEBE4gnJg76ZFe', '8015574857', 'kelpaso', 9999, now(), 'https://images.igdb.com/igdb/image/upload/t_micro/scutr4p9gytl4txb2soy.jpg')
insert into gamer_identifier (identifier, platform, user_id) values ('76561198026286466', 'Steam', 8888)
insert into user_library values (8888, 11123)
insert into user_library values (8888, 11125)

insert into profile values (10000, 'Hello, Im The Best', 'http://fbcoverstreet.com/content/Ps2AWabysTFnG4Cwmd3fDTwB96a8bfU1jcbAPWXVIvkQkVLA67cReBU66zAZAdXN.jpg')
insert into users (id, email, password, phone_num, username, profile_id, last_activity, image_url) values (10001, 'email@email.com', '$2a$10$B3817q3eSePRvTpSqewAZeKwZX1l2HoLyeRnX0VdEBE4gnJg76ZFe', '8016789986', 'randomstranger', 10000, now(), 'https://images.igdb.com/igdb/image/upload/t_micro/mjustxpafje74fzjbeuy.jpg')
insert into profile values (10002, 'Hello, Im The Best', 'http://fbcoverstreet.com/content/Ps2AWabysTFnG4Cwmd3fDTwB96a8bfU1jcbAPWXVIvkQkVLA67cReBU66zAZAdXN.jpg')
insert into users (id, email, password, phone_num, username, profile_id, last_activity, image_url) values (10003, 'email@email.com', '$2a$10$B3817q3eSePRvTpSqewAZeKwZX1l2HoLyeRnX0VdEBE4gnJg76ZFe', '8016789986', 'pwnl33t', 10002, now(), 'https://images.igdb.com/igdb/image/upload/t_micro/mjustxpafje74fzjbeuy.jpg')
insert into profile values (10004, 'Hello, Im The Best', 'http://fbcoverstreet.com/content/Ps2AWabysTFnG4Cwmd3fDTwB96a8bfU1jcbAPWXVIvkQkVLA67cReBU66zAZAdXN.jpg')
insert into users (id, email, password, phone_num, username, profile_id, last_activity, image_url) values (10005, 'email@email.com', '$2a$10$B3817q3eSePRvTpSqewAZeKwZX1l2HoLyeRnX0VdEBE4gnJg76ZFe', '8016789986', 'xhcxgamer666', 10004, now(), 'https://images.igdb.com/igdb/image/upload/t_micro/mjustxpafje74fzjbeuy.jpg')


insert into users_friends values (2222, 4444)
insert into users_friends values (2222, 6666)
insert into users_friends values (2222, 8888)

insert into users_friends values (4444, 2222)
insert into users_friends values (4444, 6666)
insert into users_friends values (4444, 8888)

insert into users_friends values (6666, 2222)
insert into users_friends values (6666, 4444)
insert into users_friends values (6666, 8888)

insert into users_friends values (8888, 2222)
insert into users_friends values (8888, 4444)
insert into users_friends values (8888, 6666)

insert into game (image_url, title, platform_title, summary, first_release_date) values ('test.com', 'MLP', 'Xbox360', 'MLP YAY', '2017-Aug-28');
insert into online_feed (gamer_tag, last_activity, game_id, user_id, platform) values ('weeterMachine', now(), 11123, 2222, 'XBOX')
insert into online_feed (gamer_tag, last_activity, game_id, user_id, platform) values ('yourMom', now(), 11123, 2222, 'XBOX')




















INSERT INTO game (image_url, title, platform_title) VALUES('http://images.igdb.com/igdb/image/upload/t_cover_big/uppylnya8h7k7jblynnj.png','Subnautica','Steam');
INSERT INTO game (image_url, title, platform_title) VALUES('http://images.igdb.com/igdb/image/upload/t_cover_big/nis45tdtxwveq3lde7wz.png','Brawlhalla','Steam');
INSERT INTO game (image_url, title, platform_title) VALUES('https://pbs.twimg.com/profile_images/656299279900913664/Q0k7qq_E.jpg','Away','Steam');
INSERT INTO game (image_url, title, platform_title) VALUES('https://www.mailbutler.io/images/MB_Icon_Snooze.svg','Snooze','Steam');
INSERT INTO game (image_url, title, platform_title) VALUES('https://vignette4.wikia.nocookie.net/fallout/images/3/3b/Steam-Logo.png/revision/latest?cb=20130607061922','Online','Steam');
INSERT INTO game (image_url, title, platform_title) VALUES('http://media.steampowered.com/steamcommunity/public/images/apps/4000/93c9364c3942223ab66195182fe1982af8a16584.jpg','Garry''s Mod','Steam');
INSERT INTO game (image_url, title, platform_title) VALUES('http://media.steampowered.com/steamcommunity/public/images/apps/9050/38dc3cbdfd6c8d4b6934e9ddb31f4e4f4ea0abce.jpg','DOOM 3','Steam');
INSERT INTO game (image_url, title, platform_title) VALUES('http://media.steampowered.com/steamcommunity/public/images/apps/9070/7e60c67381a7206dd6621155979ccc48d97d57c1.jpg','DOOM 3: Resurrection of Evil','Steam');
INSERT INTO game (image_url, title, platform_title) VALUES('http://media.steampowered.com/steamcommunity/public/images/apps/320/6dd9f66771300f2252d411e50739a1ceae9e5b30.jpg','Half-Life 2: Deathmatch','Steam');
INSERT INTO game (image_url, title, platform_title) VALUES('http://media.steampowered.com/steamcommunity/public/images/apps/340/867cce5c4f37d5ed4aeffb57c60e220ddffe4134.jpg','Half-Life 2: Lost Coast','Steam');
INSERT INTO game (image_url, title, platform_title) VALUES('http://media.steampowered.com/steamcommunity/public/images/apps/17470/01400b8d7847c309e5d47d7ceb3f885f47247501.jpg','Dead Space','Steam');
INSERT INTO game (image_url, title, platform_title) VALUES('http://media.steampowered.com/steamcommunity/public/images/apps/24740/196d5d0945d6c608a621cf7d44429644ebeae267.jpg','Burnout Paradise: The Ultimate Box','Steam');
INSERT INTO game (image_url, title, platform_title) VALUES('http://media.steampowered.com/steamcommunity/public/images/apps/22200/b5daef5a30377a8664e2f4faa7435547eb988c5f.jpg','Zeno Clash','Steam');
INSERT INTO game (image_url, title, platform_title) VALUES('http://media.steampowered.com/steamcommunity/public/images/apps/22330/531dd052b9816ce1484a2c4b46a4f271963c527f.jpg','The Elder Scrolls IV: Oblivion ','Steam');
INSERT INTO game (image_url, title, platform_title) VALUES('http://media.steampowered.com/steamcommunity/public/images/apps/1250/354c07a75cc16f6bf551b81d27f4eee3436fc2fb.jpg','Killing Floor','Steam');
INSERT INTO game (image_url, title, platform_title) VALUES('http://media.steampowered.com/steamcommunity/public/images/apps/35420/45178d4b1999cf466fdf1ee4551f29b7e02b2bdf.jpg','Killing Floor Mod: Defence Alliance 2','Steam');
INSERT INTO game (image_url, title, platform_title) VALUES('http://media.steampowered.com/steamcommunity/public/images/apps/24800/de6777c6cf277967764224514fb200af9197ae2e.jpg','Command and Conquer: Red Alert 3 - Uprising','Steam');
INSERT INTO game (image_url, title, platform_title) VALUES('http://media.steampowered.com/steamcommunity/public/images/apps/10180/82de30354cb5ee352609c47ea47b86797008e436.jpg','Call of Duty: Modern Warfare 2','Steam');
INSERT INTO game (image_url, title, platform_title) VALUES('http://media.steampowered.com/steamcommunity/public/images/apps/10190/070cad064b3a81d6ede0f6054d9eb763004a07e0.jpg','Call of Duty: Modern Warfare 2 - Multiplayer','Steam');
INSERT INTO game (image_url, title, platform_title) VALUES('http://media.steampowered.com/steamcommunity/public/images/apps/550/205863cc21e751a576d6fff851984b3170684142.jpg','Left 4 Dead 2','Steam');
INSERT INTO game (image_url, title, platform_title) VALUES('http://unitedwegame.herokuapp.com/no-image-found.jpg','Left 4 Dead 2 Beta','Steam');
INSERT INTO game (image_url, title, platform_title) VALUES('http://media.steampowered.com/steamcommunity/public/images/apps/400/4184d4c0d915bd3a45210667f7b25361352acd8f.jpg','Portal','Steam');
INSERT INTO game (image_url, title, platform_title) VALUES('http://media.steampowered.com/steamcommunity/public/images/apps/24780/0a0717ab709f27aea9c0c6c66846580960d41082.jpg','SimCity 4 Deluxe','Steam');
INSERT INTO game (image_url, title, platform_title) VALUES('http://media.steampowered.com/steamcommunity/public/images/apps/17410/8c5a900802fabf20a7922c6a69cec9320c940514.jpg','Mirror''s Edge','Steam');
INSERT INTO game (image_url, title, platform_title) VALUES('http://media.steampowered.com/steamcommunity/public/images/apps/57300/75b8a82acfb05abda97977ac4eb5af20e0dcf01e.jpg','Amnesia: The Dark Descent','Steam');
INSERT INTO game (image_url, title, platform_title) VALUES('http://media.steampowered.com/steamcommunity/public/images/apps/42700/2b07ffc9e420c232858a60a20cdefeebaa9fd5c6.jpg','Call of Duty: Black Ops','Steam');
INSERT INTO game (image_url, title, platform_title) VALUES('http://media.steampowered.com/steamcommunity/public/images/apps/42710/2b07ffc9e420c232858a60a20cdefeebaa9fd5c6.jpg','Call of Duty: Black Ops - Multiplayer','Steam');
INSERT INTO game (image_url, title, platform_title) VALUES('http://media.steampowered.com/steamcommunity/public/images/apps/8980/88ec298ff1ff0d748df39e084892aed6e919b146.jpg','Borderlands','Steam');
INSERT INTO game (image_url, title, platform_title) VALUES('http://media.steampowered.com/steamcommunity/public/images/apps/21100/d2fcf83ec76e845ed19f4ff8324304e2981af391.jpg','F.E.A.R. 3','Steam');
INSERT INTO game (image_url, title, platform_title) VALUES('http://media.steampowered.com/steamcommunity/public/images/apps/105600/783399da7d865b7b5b1560891b1e9463345e8fa9.jpg','Terraria','Steam');
INSERT INTO game (image_url, title, platform_title) VALUES('http://media.steampowered.com/steamcommunity/public/images/apps/21090/df122e0ee9eb2a5371910ffda0f8a3382e09232e.jpg','F.E.A.R.','Steam');
INSERT INTO game (image_url, title, platform_title) VALUES('http://media.steampowered.com/steamcommunity/public/images/apps/21110/df122e0ee9eb2a5371910ffda0f8a3382e09232e.jpg','F.E.A.R.: Extraction Point','Steam');
INSERT INTO game (image_url, title, platform_title) VALUES('http://media.steampowered.com/steamcommunity/public/images/apps/21120/df122e0ee9eb2a5371910ffda0f8a3382e09232e.jpg','F.E.A.R.: Perseus Mandate','Steam');
INSERT INTO game (image_url, title, platform_title) VALUES('http://media.steampowered.com/steamcommunity/public/images/apps/16450/41734347c3f05fe7dd797570130f5069c08f9d1b.jpg','F.E.A.R. 2: Project Origin','Steam');
INSERT INTO game (image_url, title, platform_title) VALUES('http://media.steampowered.com/steamcommunity/public/images/apps/35480/b3bc51a91f0ba091e59a97971d92c365ba2d7b12.jpg','Dwarfs!?','Steam');
INSERT INTO game (image_url, title, platform_title) VALUES('http://media.steampowered.com/steamcommunity/public/images/apps/32800/b90d899806ebaff87ed7d2cdc4d9e0a3f11b73b0.jpg','The Lord of the Rings: War in the North','Steam');
INSERT INTO game (image_url, title, platform_title) VALUES('http://media.steampowered.com/steamcommunity/public/images/apps/22230/4df41d2c1847cf8cba4d9603ff1e36a5a9b77fc9.jpg','Rock of Ages','Steam');
INSERT INTO game (image_url, title, platform_title) VALUES('http://media.steampowered.com/steamcommunity/public/images/apps/72850/c5af3cde13610fca25cd17634a96d72487d21e74.jpg','The Elder Scrolls V: Skyrim','Steam');
INSERT INTO game (image_url, title, platform_title) VALUES('http://media.steampowered.com/steamcommunity/public/images/apps/41070/cc3a3c30187b5fbbd0a8861ad08b4f7d779ba239.jpg','Serious Sam 3: BFE','Steam');
INSERT INTO game (image_url, title, platform_title) VALUES('http://media.steampowered.com/steamcommunity/public/images/apps/564310/b4babc53b42275d5ca120909c04ae77f5724b29b.jpg','Serious Sam Fusion 2017 (beta)','Steam');
INSERT INTO game (image_url, title, platform_title) VALUES('http://media.steampowered.com/steamcommunity/public/images/apps/202200/ad23e69a2e91b9ad7675c11766b179e24cf8a7e1.jpg','Galactic Civilizations II: Ultimate Edition','Steam');
INSERT INTO game (image_url, title, platform_title) VALUES('http://media.steampowered.com/steamcommunity/public/images/apps/204030/e0ce3d6e307cb0ff3d7a886c8eaff301a37b3434.jpg','Fable - The Lost Chapters','Steam');
INSERT INTO game (image_url, title, platform_title) VALUES('http://media.steampowered.com/steamcommunity/public/images/apps/203770/a3170e4c1889a7e2a360feef61e07a5aee51dc88.jpg','Crusader Kings II','Steam');
INSERT INTO game (image_url, title, platform_title) VALUES('http://media.steampowered.com/steamcommunity/public/images/apps/207170/5898cd32c949e03f95a5333c2399508b1a95aa4a.jpg','Legend of Grimrock','Steam');
INSERT INTO game (image_url, title, platform_title) VALUES('http://media.steampowered.com/steamcommunity/public/images/apps/102600/9b79e98212c10141aac10471be1c5efa9786bad8.jpg','Orcs Must Die!','Steam');
INSERT INTO game (image_url, title, platform_title) VALUES('http://media.steampowered.com/steamcommunity/public/images/apps/22600/8dc524779f89d3f5ef6a7d30102ae6bafe4a1cd4.jpg','Worms Reloaded','Steam');
INSERT INTO game (image_url, title, platform_title) VALUES('http://media.steampowered.com/steamcommunity/public/images/apps/105800/3d91becb2dabb626bcbdac0928cd58acfd4e2b7d.jpg','PixelJunk Eden','Steam');
INSERT INTO game (image_url, title, platform_title) VALUES('http://media.steampowered.com/steamcommunity/public/images/apps/207690/acb47a23b33ef3eed87022185eac7b1937c0235b.jpg','Botanicula','Steam');
INSERT INTO game (image_url, title, platform_title) VALUES('http://media.steampowered.com/steamcommunity/public/images/apps/205350/44281a64a93a583fdd2435036ac794e7dcc7beb8.jpg','Mortal Kombat Kollection','Steam');
INSERT INTO game (image_url, title, platform_title) VALUES('http://media.steampowered.com/steamcommunity/public/images/apps/7670/4c2a7f97e6556a95319eb346aed7beff9fe0535c.jpg','BioShock','Steam');
INSERT INTO game (image_url, title, platform_title) VALUES('http://media.steampowered.com/steamcommunity/public/images/apps/409710/cb7318b68128f6aa90c9e4e2d14544281ac22da0.jpg','BioShock Remastered','Steam');
INSERT INTO game (image_url, title, platform_title) VALUES('http://media.steampowered.com/steamcommunity/public/images/apps/200260/9b229e12fd5ce27bd101d5862c19b1a6e3d01239.jpg','Batman: Arkham City GOTY','Steam');
INSERT INTO game (image_url, title, platform_title) VALUES('http://media.steampowered.com/steamcommunity/public/images/apps/108800/bee338e11932e97e995b6e2d84d0772f7b22f2a9.jpg','Crysis 2 Maximum Edition','Steam');
INSERT INTO game (image_url, title, platform_title) VALUES('http://media.steampowered.com/steamcommunity/public/images/apps/35140/172e0928b845c18491f1a8fee0dafe7a146ac129.jpg','Batman: Arkham Asylum GOTY Edition','Steam');
INSERT INTO game (image_url, title, platform_title) VALUES('http://media.steampowered.com/steamcommunity/public/images/apps/206440/f0e5a7037facd7bff7656ebe2396a23735c608c2.jpg','To the Moon','Steam');
INSERT INTO game (image_url, title, platform_title) VALUES('http://media.steampowered.com/steamcommunity/public/images/apps/220780/b2194d8b207193e0e3d8ae2bc47a91685c577750.jpg','Thomas Was Alone','Steam');
INSERT INTO game (image_url, title, platform_title) VALUES('http://media.steampowered.com/steamcommunity/public/images/apps/55230/1129528455a8b297fb6404cbb90e802a62881b11.jpg','Saints Row: The Third','Steam');
INSERT INTO game (image_url, title, platform_title) VALUES('http://media.steampowered.com/steamcommunity/public/images/apps/220860/40474226a93b08ce53978641f0f0c56b9b0a7d73.jpg','McPixel','Steam');
INSERT INTO game (image_url, title, platform_title) VALUES('http://media.steampowered.com/steamcommunity/public/images/apps/204360/793216ec14c639bdaf2f0119c8cc408b8e9ad7b1.jpg','Castle Crashers','Steam');
INSERT INTO game (image_url, title, platform_title) VALUES('http://media.steampowered.com/steamcommunity/public/images/apps/91600/d63198590c7bab5a332327a54f8ed0a00ac4b0d3.jpg','Sanctum','Steam');
INSERT INTO game (image_url, title, platform_title) VALUES('http://media.steampowered.com/steamcommunity/public/images/apps/208200/e5a209be19bf207fc9950ab03bde98cc736475d6.jpg','DOOM 3: BFG Edition','Steam');
INSERT INTO game (image_url, title, platform_title) VALUES('http://media.steampowered.com/steamcommunity/public/images/apps/218680/c3f8420cd87dd772df8a35013e3538e964ecc2b8.jpg','Scribblenauts Unlimited','Steam');
INSERT INTO game (image_url, title, platform_title) VALUES('http://media.steampowered.com/steamcommunity/public/images/apps/4920/ab7b1142e17865e6d3472d3fd4b345620ec5f36f.jpg','Natural Selection 2','Steam');
INSERT INTO game (image_url, title, platform_title) VALUES('http://media.steampowered.com/steamcommunity/public/images/apps/211400/999ca8e7a742d1eff2cb6708dd12036952b31163.jpg','Deadlight','Steam');
INSERT INTO game (image_url, title, platform_title) VALUES('http://media.steampowered.com/steamcommunity/public/images/apps/2280/9c9d555b77699d263dfe25769284943f4b4eef3b.jpg','The Ultimate DOOM','Steam');
INSERT INTO game (image_url, title, platform_title) VALUES('http://media.steampowered.com/steamcommunity/public/images/apps/10/af890f848dd606ac2fd4415de3c3f5e7a66fcb9f.jpg','Counter-Strike','Steam');
INSERT INTO game (image_url, title, platform_title) VALUES('http://media.steampowered.com/steamcommunity/public/images/apps/20/515bc393c861d91b9165f0697040c015f50bcb5e.jpg','Team Fortress Classic','Steam');
INSERT INTO game (image_url, title, platform_title) VALUES('http://media.steampowered.com/steamcommunity/public/images/apps/30/beff21c4d29d2579e794c930bae599cd0c8a8f17.jpg','Day of Defeat','Steam');
INSERT INTO game (image_url, title, platform_title) VALUES('http://media.steampowered.com/steamcommunity/public/images/apps/40/4bb69695ef9d0ae73e73488fb6456aa4ea1215fa.jpg','Deathmatch Classic','Steam');
INSERT INTO game (image_url, title, platform_title) VALUES('http://media.steampowered.com/steamcommunity/public/images/apps/50/bb696ddfd8f8ef0892d5f2154d8617528d3cc2ec.jpg','Half-Life: Opposing Force','Steam');
INSERT INTO game (image_url, title, platform_title) VALUES('http://media.steampowered.com/steamcommunity/public/images/apps/60/f7a039402735c2dea82cbd412340873535e2be4c.jpg','Ricochet','Steam');
INSERT INTO game (image_url, title, platform_title) VALUES('http://media.steampowered.com/steamcommunity/public/images/apps/70/6bd76ff700a8c7a5460fbae3cf60cb930279897d.jpg','Half-Life','Steam');
INSERT INTO game (image_url, title, platform_title) VALUES('http://media.steampowered.com/steamcommunity/public/images/apps/130/927d38e83e3e4ca218a0fc7b32515eeb99aa8ff7.jpg','Half-Life: Blue Shift','Steam');
INSERT INTO game (image_url, title, platform_title) VALUES('http://media.steampowered.com/steamcommunity/public/images/apps/220/e4ad9cf1b7dc8475c1118625daf9abd4bdcbcad0.jpg','Half-Life 2','Steam');
INSERT INTO game (image_url, title, platform_title) VALUES('http://media.steampowered.com/steamcommunity/public/images/apps/3920/cffb2b01c41681c3f74d76d83926d4b4a1e66890.jpg','Sid Meier''s Pirates!','Steam');
INSERT INTO game (image_url, title, platform_title) VALUES('http://media.steampowered.com/steamcommunity/public/images/apps/240/ee97d0dbf3e5d5d59e69dc20b98ed9dc8cad5283.jpg','Counter-Strike: Source','Steam');
INSERT INTO game (image_url, title, platform_title) VALUES('http://media.steampowered.com/steamcommunity/public/images/apps/11420/73d6e4e6db2976fbead9b689b971ecf46477e63a.jpg','Clive Barker''s Jericho','Steam');
INSERT INTO game (image_url, title, platform_title) VALUES('http://media.steampowered.com/steamcommunity/public/images/apps/8080/936b52e7d0c3f3dc5af34774e9cbbce63dcd79ed.jpg','Kane & Lynch: Dead Men','Steam');
INSERT INTO game (image_url, title, platform_title) VALUES('http://media.steampowered.com/steamcommunity/public/images/apps/9740/d3cf35f37905136d6ee76a7ff40b956a7ca94790.jpg','Indigo Prophecy','Steam');
INSERT INTO game (image_url, title, platform_title) VALUES('http://media.steampowered.com/steamcommunity/public/images/apps/13210/ba0a5c14642ab3337bf09d1d3df5e076a771ee32.jpg','Unreal Tournament 3: Black Edition','Steam');
INSERT INTO game (image_url, title, platform_title) VALUES('http://media.steampowered.com/steamcommunity/public/images/apps/20900/d37dedbc4104d1683385d022314d1316399b3dce.jpg','The Witcher: Enhanced Edition','Steam');
INSERT INTO game (image_url, title, platform_title) VALUES('http://media.steampowered.com/steamcommunity/public/images/apps/500/0f67ee504d8f04ecd83986dd7855821dc21f7a78.jpg','Left 4 Dead','Steam');
INSERT INTO game (image_url, title, platform_title) VALUES('http://media.steampowered.com/steamcommunity/public/images/apps/17460/7501ea5009533fa5c017ec1f4b94725d67ad4936.jpg','Mass Effect','Steam');
INSERT INTO game (image_url, title, platform_title) VALUES('http://media.steampowered.com/steamcommunity/public/images/apps/1930/57094b687bdeaef65791bf2b710c8c6a11189359.jpg','Two Worlds: Epic Edition','Steam');
INSERT INTO game (image_url, title, platform_title) VALUES('http://media.steampowered.com/steamcommunity/public/images/apps/3020/9c79ad93abe278118b98494c83b1e94514652caf.jpg','Call of Juarez','Steam');
INSERT INTO game (image_url, title, platform_title) VALUES('http://media.steampowered.com/steamcommunity/public/images/apps/21980/59c5a9cde892df22d03ceb52ad6e3968f9ce4b32.jpg','Call of Juarez: Bound in Blood','Steam');
INSERT INTO game (image_url, title, platform_title) VALUES('http://media.steampowered.com/steamcommunity/public/images/apps/29650/1e2d21e1cadbea352cdea0638c222f03e40058f7.jpg','Aion Collectors Edition','Steam');
INSERT INTO game (image_url, title, platform_title) VALUES('http://media.steampowered.com/steamcommunity/public/images/apps/40000/6f8599e94dbf7d9701abfabd46bbf9911a2d035e.jpg','Fallen Earth','Steam');
INSERT INTO game (image_url, title, platform_title) VALUES('http://media.steampowered.com/steamcommunity/public/images/apps/24860/5ec5e6c6a08bf90e8e1c77f9581fad785cfb08d7.jpg','Battlefield 2','Steam');
INSERT INTO game (image_url, title, platform_title) VALUES('http://media.steampowered.com/steamcommunity/public/images/apps/32440/8e384e7df7e8b297eb34c732d525b54fa8262b59.jpg','LEGO® Star Wars™: The Complete Saga','Steam');
INSERT INTO game (image_url, title, platform_title) VALUES('http://media.steampowered.com/steamcommunity/public/images/apps/22370/ddccc41c513694e7a5542aa115e9e091d6495420.jpg','Fallout 3 - Game of the Year Edition','Steam');
INSERT INTO game (image_url, title, platform_title) VALUES('http://media.steampowered.com/steamcommunity/public/images/apps/24980/d446fe6d77c9f434cd7fd871400b978fc01fb4e7.jpg','Mass Effect 2','Steam');
INSERT INTO game (image_url, title, platform_title) VALUES('http://media.steampowered.com/steamcommunity/public/images/apps/43110/df9a163ac1f28dfc84c93a6fc0dc51719eaef518.jpg','Metro 2033','Steam');
INSERT INTO game (image_url, title, platform_title) VALUES('http://media.steampowered.com/steamcommunity/public/images/apps/24960/969a07d20786b5f536122d70f2c3eedc1eca5ede.jpg','Battlefield: Bad Company 2','Steam');
INSERT INTO game (image_url, title, platform_title) VALUES('http://media.steampowered.com/steamcommunity/public/images/apps/28000/793577fdb584bef7ff8880bead9818eb80b2f0a1.jpg','Kane & Lynch 2: Dog Days','Steam');
INSERT INTO game (image_url, title, platform_title) VALUES('http://media.steampowered.com/steamcommunity/public/images/apps/50130/31c60ba32d7ff5b53b5d2a5795b42077279f499a.jpg','Mafia II','Steam');
INSERT INTO game (image_url, title, platform_title) VALUES('http://media.steampowered.com/steamcommunity/public/images/apps/22380/1a52975c043227184162627285e4bc0c83216e02.jpg','Fallout: New Vegas','Steam');
INSERT INTO game (image_url, title, platform_title) VALUES('http://media.steampowered.com/steamcommunity/public/images/apps/50620/14bd29bc9b291081b63258e3bfbbf5bb655c2347.jpg','Darksiders','Steam');
INSERT INTO game (image_url, title, platform_title) VALUES('http://media.steampowered.com/steamcommunity/public/images/apps/462780/f188a32787983ef5346157473a4d8ba0ed024d98.jpg','Darksiders Warmastered Edition','Steam');
INSERT INTO game (image_url, title, platform_title) VALUES('http://media.steampowered.com/steamcommunity/public/images/apps/47810/aca1a363cb76d4c74d4c891407ca06693a963699.jpg','Dragon Age: Origins - Ultimate Edition','Steam');
INSERT INTO game (image_url, title, platform_title) VALUES('http://media.steampowered.com/steamcommunity/public/images/apps/40800/70f084857297d5fdd96d019db3a990d6d9ec64f1.jpg','Super Meat Boy','Steam');
INSERT INTO game (image_url, title, platform_title) VALUES('http://media.steampowered.com/steamcommunity/public/images/apps/63200/f001d25ab0708c00a02dda7dd646d801c1dffb19.jpg','Monday Night Combat','Steam');
INSERT INTO game (image_url, title, platform_title) VALUES('http://media.steampowered.com/steamcommunity/public/images/apps/15700/b36c09cedd607be8661c6ae9dea7966158281c3f.jpg','Oddworld: Abe''s Oddysee','Steam');
INSERT INTO game (image_url, title, platform_title) VALUES('http://media.steampowered.com/steamcommunity/public/images/apps/15710/f62f94b381fcb897125ae4376e8d3eb3d2b7fdbe.jpg','Oddworld: Abe''s Exoddus','Steam');
INSERT INTO game (image_url, title, platform_title) VALUES('http://media.steampowered.com/steamcommunity/public/images/apps/15740/0612a01375f4281836ac6f76a28548e0f1849d1c.jpg','Oddworld: Munch''s Oddysee','Steam');
INSERT INTO game (image_url, title, platform_title) VALUES('http://media.steampowered.com/steamcommunity/public/images/apps/15750/6104f629e74acf5689e53f18f2d4cc28bdcaf4bc.jpg','Oddworld: Stranger''s Wrath HD','Steam');
INSERT INTO game (image_url, title, platform_title) VALUES('http://media.steampowered.com/steamcommunity/public/images/apps/47780/38cb9890ddd639a066bf480e3f098e1b92af2376.jpg','Dead Space 2','Steam');
INSERT INTO game (image_url, title, platform_title) VALUES('http://media.steampowered.com/steamcommunity/public/images/apps/620/d2a1119ddc202fab81d9b87048f495cbd6377502.jpg','Portal 2','Steam');
INSERT INTO game (image_url, title, platform_title) VALUES('http://media.steampowered.com/steamcommunity/public/images/apps/98200/3b20447980b019783a4e37893660d1ce54893699.jpg','Frozen Synapse','Steam');
INSERT INTO game (image_url, title, platform_title) VALUES('http://media.steampowered.com/steamcommunity/public/images/apps/20920/f0274a91931ed39f7c69dca9f907ceae6450785c.jpg','The Witcher 2: Assassins of Kings Enhanced Edition','Steam');
INSERT INTO game (image_url, title, platform_title) VALUES('http://media.steampowered.com/steamcommunity/public/images/apps/107100/d113d66ef88069d7d35a74cfaf2e2ee917f61133.jpg','Bastion','Steam');
INSERT INTO game (image_url, title, platform_title) VALUES('http://media.steampowered.com/steamcommunity/public/images/apps/28050/93705ac83aa363ce6ead3f6aad7fa4292d3cd80f.jpg','Deus Ex: Human Revolution','Steam');
INSERT INTO game (image_url, title, platform_title) VALUES('http://media.steampowered.com/steamcommunity/public/images/apps/91310/62632a275a4cc08f0238ed3d589ce1d8627fde91.jpg','Dead Island','Steam');
INSERT INTO game (image_url, title, platform_title) VALUES('http://media.steampowered.com/steamcommunity/public/images/apps/113200/d9a7ee7e07dffed1700cb8b3b9482105b88cc5b5.jpg','The Binding of Isaac','Steam');
INSERT INTO game (image_url, title, platform_title) VALUES('http://media.steampowered.com/steamcommunity/public/images/apps/9200/db0e1951e4359d76f32cf65b24ef1fa6a819afc9.jpg','RAGE','Steam');
INSERT INTO game (image_url, title, platform_title) VALUES('http://media.steampowered.com/steamcommunity/public/images/apps/202530/21b47f8223df647006671630e6f0348642681bab.jpg','SONIC THE HEDGEHOG 4 Episode I','Steam');
INSERT INTO game (image_url, title, platform_title) VALUES('http://media.steampowered.com/steamcommunity/public/images/apps/67370/349189b0ac9570679227cb1bd2c742bec12bf97a.jpg','The Darkness II','Steam');
INSERT INTO game (image_url, title, platform_title) VALUES('http://media.steampowered.com/steamcommunity/public/images/apps/108710/0f9b6613ac50bf42639ed6a2e16e9b78e846ef0a.jpg','Alan Wake','Steam');
INSERT INTO game (image_url, title, platform_title) VALUES('http://media.steampowered.com/steamcommunity/public/images/apps/204060/b522ef5ae83648bef02bd3303801aed881d17761.jpg','Superbrothers: Sword & Sworcery EP','Steam');
INSERT INTO game (image_url, title, platform_title) VALUES('http://media.steampowered.com/steamcommunity/public/images/apps/207610/6d756726214dd97c54966814d58508b86d5eabcf.jpg','The Walking Dead','Steam');
INSERT INTO game (image_url, title, platform_title) VALUES('http://media.steampowered.com/steamcommunity/public/images/apps/201070/9973956506b2120c1ddb1b1afac39a1a6845e7ad.jpg','Revelations 2012','Steam');
INSERT INTO game (image_url, title, platform_title) VALUES('http://media.steampowered.com/steamcommunity/public/images/apps/202750/d3593fa14e4ea8685dc6b1f71dbaa980c013ff02.jpg','Alan Wake''s American Nightmare','Steam');
INSERT INTO game (image_url, title, platform_title) VALUES('http://media.steampowered.com/steamcommunity/public/images/apps/207080/f2c3f3e7104ad6d8719c2698406c79efe6de41e7.jpg','Indie Game: The Movie','Steam');
INSERT INTO game (image_url, title, platform_title) VALUES('http://media.steampowered.com/steamcommunity/public/images/apps/204100/135cf60686c2bf570999b96d5c29eb31e962293a.jpg','Max Payne 3','Steam');
INSERT INTO game (image_url, title, platform_title) VALUES('http://media.steampowered.com/steamcommunity/public/images/apps/63710/13cdddc55559cd4f47fbe970c9ad0de6bebb2f21.jpg','BIT.TRIP RUNNER','Steam');
INSERT INTO game (image_url, title, platform_title) VALUES('http://media.steampowered.com/steamcommunity/public/images/apps/211420/d293c8e38f56de2c7097b2c7a975caca49029a8b.jpg','DARK SOULS™: Prepare To Die Edition','Steam');
INSERT INTO game (image_url, title, platform_title) VALUES('http://media.steampowered.com/steamcommunity/public/images/apps/50650/b0b8edfa57f332dc529c04b4dd2f5475227e71ac.jpg','Darksiders II','Steam');
INSERT INTO game (image_url, title, platform_title) VALUES('http://media.steampowered.com/steamcommunity/public/images/apps/202170/5be5f629e44cc13b7a845deacf81c93f92678e55.jpg','Sleeping Dogs™','Steam');
INSERT INTO game (image_url, title, platform_title) VALUES('http://media.steampowered.com/steamcommunity/public/images/apps/49520/86b0fa5ddb41b4dfff7df194a017f3418130d668.jpg','Borderlands 2','Steam');
INSERT INTO game (image_url, title, platform_title) VALUES('http://media.steampowered.com/steamcommunity/public/images/apps/219150/540a1457099f072ced7153239861e42f14febd56.jpg','Hotline Miami','Steam');
INSERT INTO game (image_url, title, platform_title) VALUES('http://media.steampowered.com/steamcommunity/public/images/apps/205100/b94f5ff693304b7f70f88403d444686c4af3b940.jpg','Dishonored','Steam');
INSERT INTO game (image_url, title, platform_title) VALUES('http://unitedwegame.herokuapp.com/no-image-found.jpg','Dota 2 Test','Steam');
INSERT INTO game (image_url, title, platform_title) VALUES('http://media.steampowered.com/steamcommunity/public/images/apps/219640/dd3488ae69593cedf5e73b818ae98e6737aa956c.jpg','Chivalry: Medieval Warfare','Steam');
INSERT INTO game (image_url, title, platform_title) VALUES('http://media.steampowered.com/steamcommunity/public/images/apps/220240/47811cc7821070306a24622b5d33c04c85264279.jpg','Far Cry® 3','Steam');
INSERT INTO game (image_url, title, platform_title) VALUES('http://media.steampowered.com/steamcommunity/public/images/apps/203160/495f7d723659add6ea476b3699be5424282ac4b8.jpg','Tomb Raider','Steam');
INSERT INTO game (image_url, title, platform_title) VALUES('http://media.steampowered.com/steamcommunity/public/images/apps/8870/870bb889e192cf8d31876ed04d329a5d51c6fc2c.jpg','BioShock Infinite','Steam');
INSERT INTO game (image_url, title, platform_title) VALUES('http://media.steampowered.com/steamcommunity/public/images/apps/224760/d2789dc5fb6bfee4d07cd3ec06985593fffd606c.jpg','FEZ','Steam');
INSERT INTO game (image_url, title, platform_title) VALUES('http://media.steampowered.com/steamcommunity/public/images/apps/216250/3b62996c558973a9debf26afee64fe3eadf09ef5.jpg','Dead Island Riptide','Steam');
INSERT INTO game (image_url, title, platform_title) VALUES('http://media.steampowered.com/steamcommunity/public/images/apps/204450/643f4290bce8f5bd18d24c8c1e85d4265767b3c9.jpg','Call of Juarez Gunslinger','Steam');
INSERT INTO game (image_url, title, platform_title) VALUES('http://media.steampowered.com/steamcommunity/public/images/apps/238210/baab589a98155702c4b379a326e4a58ec949b966.jpg','System Shock 2','Steam');
INSERT INTO game (image_url, title, platform_title) VALUES('http://media.steampowered.com/steamcommunity/public/images/apps/43160/b110ee3812ac0cad68505772019cf2bdc3ce1cc3.jpg','Metro: Last Light','Steam');
INSERT INTO game (image_url, title, platform_title) VALUES('http://media.steampowered.com/steamcommunity/public/images/apps/218620/4467a70648f49a6b309b41b81b4531f9a20ed99d.jpg','PAYDAY 2','Steam');
INSERT INTO game (image_url, title, platform_title) VALUES('http://media.steampowered.com/steamcommunity/public/images/apps/231160/11e08b7b00d8a24a1f83dec3e7c2ca08e98be78a.jpg','The Swapper','Steam');
INSERT INTO game (image_url, title, platform_title) VALUES('http://media.steampowered.com/steamcommunity/public/images/apps/35720/7d7c3b93bd85ad1db2a07f6cca01a767069c6407.jpg','Trine 2','Steam');
INSERT INTO game (image_url, title, platform_title) VALUES('http://media.steampowered.com/steamcommunity/public/images/apps/224060/53d5d045b96b52126ef3515e088cdeb331c88897.jpg','Deadpool','Steam');
INSERT INTO game (image_url, title, platform_title) VALUES('http://media.steampowered.com/steamcommunity/public/images/apps/225080/12f5c3aaa2b1d69d0786e1d09e0b77e2da6f8980.jpg','Brothers - A Tale of Two Sons','Steam');
INSERT INTO game (image_url, title, platform_title) VALUES('http://media.steampowered.com/steamcommunity/public/images/apps/234080/3110df525bb5be2afcf92d50b11b31b2eb0f7f23.jpg','Castlevania: Lords of Shadow - Ultimate Edition','Steam');
INSERT INTO game (image_url, title, platform_title) VALUES('http://media.steampowered.com/steamcommunity/public/images/apps/232430/8d86da75f094220994bdcd5f842469af36cacd8f.jpg','Gone Home','Steam');
INSERT INTO game (image_url, title, platform_title) VALUES('http://media.steampowered.com/steamcommunity/public/images/apps/209000/21a0c80630abe3a9dceddcbc224ed6b5b763c5b9.jpg','Batman™: Arkham Origins','Steam');
INSERT INTO game (image_url, title, platform_title) VALUES('http://media.steampowered.com/steamcommunity/public/images/apps/238320/7d02a2286fd5d4ce42cfc1ecc78e08c89e542f87.jpg','Outlast','Steam');
INSERT INTO game (image_url, title, platform_title) VALUES('http://media.steampowered.com/steamcommunity/public/images/apps/250320/78ca4e28c36df80deac8f3c6499ce4e0c0d5a821.jpg','The Wolf Among Us','Steam');
INSERT INTO game (image_url, title, platform_title) VALUES('http://media.steampowered.com/steamcommunity/public/images/apps/222900/e5b801707f7373d69eab3f15b6fdb02f7270374a.jpg','Dead Island: Epidemic','Steam');
INSERT INTO game (image_url, title, platform_title) VALUES('http://media.steampowered.com/steamcommunity/public/images/apps/252950/3854e40582bc14b8ba3c9ee163a0fa64bc538def.jpg','Rocket League','Steam');
INSERT INTO game (image_url, title, platform_title) VALUES('http://media.steampowered.com/steamcommunity/public/images/apps/8850/fde6fa1b15e4eb409c9d592197024571fded77e7.jpg','BioShock 2','Steam');
INSERT INTO game (image_url, title, platform_title) VALUES('http://media.steampowered.com/steamcommunity/public/images/apps/409720/34c3f591cf4cb28711d7f33f73dee0f09cdb94a4.jpg','BioShock 2 Remastered','Steam');
INSERT INTO game (image_url, title, platform_title) VALUES('http://media.steampowered.com/steamcommunity/public/images/apps/247660/5abd9c719b79e0d8a79295761b374b61be918f1d.jpg','Deadly Premonition: The Director's Cut,'Steam');
INSERT INTO game (image_url, title, platform_title) VALUES('http://media.steampowered.com/steamcommunity/public/images/apps/233130/30d29d6ec47f0b586349106f8265e69ee091ce95.jpg','Shadow Warrior','Steam');
INSERT INTO game (image_url, title, platform_title) VALUES('http://media.steampowered.com/steamcommunity/public/images/apps/255520/09a86e49413f57dc99f2e7f54b029868ffb5cbc8.jpg','Viscera Cleanup Detail: Shadow Warrior','Steam');
INSERT INTO game (image_url, title, platform_title) VALUES('http://media.steampowered.com/steamcommunity/public/images/apps/213670/659c39e8727258477a5fab408ed0cf0c79b67fbc.jpg','South Park™: The Stick of Truth™','Steam');
INSERT INTO game (image_url, title, platform_title) VALUES('http://media.steampowered.com/steamcommunity/public/images/apps/261570/e8b71ff338698994bca662ec8e6cf930f2ddc98b.jpg','Ori and the Blind Forest','Steam');
INSERT INTO game (image_url, title, platform_title) VALUES('http://media.steampowered.com/steamcommunity/public/images/apps/209160/365ca1edcbcd2521729fb51756b450dddaaae5e1.jpg','Call of Duty: Ghosts','Steam');
INSERT INTO game (image_url, title, platform_title) VALUES('http://media.steampowered.com/steamcommunity/public/images/apps/209170/365ca1edcbcd2521729fb51756b450dddaaae5e1.jpg','Call of Duty: Ghosts - Multiplayer','Steam');
INSERT INTO game (image_url, title, platform_title) VALUES('http://media.steampowered.com/steamcommunity/public/images/apps/221100/3520d3db4e282585b24fe28178ca86f54874e3b5.jpg','DayZ','Steam');
INSERT INTO game (image_url, title, platform_title) VALUES('http://media.steampowered.com/steamcommunity/public/images/apps/270130/a4a19c66f7bd56eaa55d461292619b653de16560.jpg','The Gallery - Episode 1: Call of the Starseed','Steam');
INSERT INTO game (image_url, title, platform_title) VALUES('http://media.steampowered.com/steamcommunity/public/images/apps/271590/e447e82f8b0c67f9e001498503c62f2a187bc609.jpg','Grand Theft Auto V','Steam');
INSERT INTO game (image_url, title, platform_title) VALUES('http://media.steampowered.com/steamcommunity/public/images/apps/274190/c6728f33769caf6ea6b2a4421579d91fe3029eca.jpg','Broforce','Steam');
INSERT INTO game (image_url, title, platform_title) VALUES('http://media.steampowered.com/steamcommunity/public/images/apps/244850/115f18763462ece5478d6096b22fd2f1faca0788.jpg','Space Engineers','Steam');
INSERT INTO game (image_url, title, platform_title) VALUES('http://media.steampowered.com/steamcommunity/public/images/apps/282140/ae099d49d4353982e81043704ef239d1074cc67d.jpg','SOMA','Steam');
INSERT INTO game (image_url, title, platform_title) VALUES('http://media.steampowered.com/steamcommunity/public/images/apps/287700/6af3d5aae37f4d5e6add4f49d5edd58f7bdd420b.jpg','METAL GEAR SOLID V: THE PHANTOM PAIN','Steam');
INSERT INTO game (image_url, title, platform_title) VALUES('http://media.steampowered.com/steamcommunity/public/images/apps/233290/affa1c1b6d38bfcc2a870ad6c3bd4ceed5641966.jpg','MURDERED: SOUL SUSPECT™','Steam');
INSERT INTO game (image_url, title, platform_title) VALUES('http://media.steampowered.com/steamcommunity/public/images/apps/201810/e945e10daf94f6fe80d629a1c3381125df27f4cb.jpg','Wolfenstein: The New Order','Steam');
INSERT INTO game (image_url, title, platform_title) VALUES('http://media.steampowered.com/steamcommunity/public/images/apps/226320/bc87df38022b92d3482ac5c375371a32bb0760a8.jpg','Marvel Heroes Omega','Steam');
INSERT INTO game (image_url, title, platform_title) VALUES('http://media.steampowered.com/steamcommunity/public/images/apps/258160/eb21c38591adec7bf62adefa862af3f5e7af7961.jpg','Rise of Incarnates','Steam');
INSERT INTO game (image_url, title, platform_title) VALUES('http://media.steampowered.com/steamcommunity/public/images/apps/22340/7fd55c811dcb4dd82c75b987dad7e4896d434b4c.jpg','Call of Cthulhu: Dark Corners of the Earth','Steam');
INSERT INTO game (image_url, title, platform_title) VALUES('http://media.steampowered.com/steamcommunity/public/images/apps/268050/a652a995aaa6acb77b99ffac1c699898e79be926.jpg','The Evil Within','Steam');
INSERT INTO game (image_url, title, platform_title) VALUES('http://media.steampowered.com/steamcommunity/public/images/apps/322770/675b69cc7e9bc3588a9f93bd3b2a1e9a4e2757e0.jpg','Vanishing Realms','Steam');
INSERT INTO game (image_url, title, platform_title) VALUES('http://media.steampowered.com/steamcommunity/public/images/apps/323370/ef182a1b2d3fbb1bacb41789daddc807ceaf4f2a.jpg','TERA','Steam');
INSERT INTO game (image_url, title, platform_title) VALUES('http://media.steampowered.com/steamcommunity/public/images/apps/302510/70e45a9429e0e188817b813147a417bb82dc3bf0.jpg','Ryse: Son of Rome','Steam');
INSERT INTO game (image_url, title, platform_title) VALUES('http://media.steampowered.com/steamcommunity/public/images/apps/214490/6cdbe0113548dad8cee3d24fbace9abe298ac9af.jpg','Alien: Isolation','Steam');
INSERT INTO game (image_url, title, platform_title) VALUES('http://media.steampowered.com/steamcommunity/public/images/apps/21000/63cde4cbc3ab537bfe53c85b7d0b8ecdffc7d9c8.jpg','LEGO Batman: The Videogame','Steam');
INSERT INTO game (image_url, title, platform_title) VALUES('http://media.steampowered.com/steamcommunity/public/images/apps/213330/0c4b05ceb9ee10b4eb744e663c22385ccca16c07.jpg','LEGO Batman 2','Steam');
INSERT INTO game (image_url, title, platform_title) VALUES('http://media.steampowered.com/steamcommunity/public/images/apps/313690/802a54c3e6bf7209cbf8b0b9359966393db16705.jpg','LEGO® Batman™ 3: Beyond Gotham','Steam');
INSERT INTO game (image_url, title, platform_title) VALUES('http://media.steampowered.com/steamcommunity/public/images/apps/330840/93beb587402d54d1226cda1c3ba81947eae6253f.jpg','Game of Thrones - A Telltale Games Series','Steam');
INSERT INTO game (image_url, title, platform_title) VALUES('http://media.steampowered.com/steamcommunity/public/images/apps/234630/88acff9eeb54253571aef8c65e8cfc57dddad493.jpg','Project CARS','Steam');
INSERT INTO game (image_url, title, platform_title) VALUES('http://media.steampowered.com/steamcommunity/public/images/apps/273350/df025d71b278e46eb9322230bbd19c0cb8004b0d.jpg','Evolve Stage 2','Steam');
INSERT INTO game (image_url, title, platform_title) VALUES('http://media.steampowered.com/steamcommunity/public/images/apps/304240/3bb107ed29b854c5c5a5db1da709ca9950830c19.jpg','Resident Evil / biohazard HD REMASTER','Steam');
INSERT INTO game (image_url, title, platform_title) VALUES('http://media.steampowered.com/steamcommunity/public/images/apps/342180/36a06d14f93f073a2fa9d1a278bb023c5b6fac7f.jpg','Arizona Sunshine','Steam');
INSERT INTO game (image_url, title, platform_title) VALUES('http://media.steampowered.com/steamcommunity/public/images/apps/360430/d54aa6212dc7b1d3ac4e35f9697d03ce09fca9ec.jpg','Mafia III','Steam');
INSERT INTO game (image_url, title, platform_title) VALUES('http://media.steampowered.com/steamcommunity/public/images/apps/362890/07165fb02e18a4cf544125c1bd350fe300aef362.jpg','Black Mesa','Steam');
INSERT INTO game (image_url, title, platform_title) VALUES('http://media.steampowered.com/steamcommunity/public/images/apps/371660/d56e7caf32cf735cc9e51c6498980a152b218d69.jpg','Far Cry Primal','Steam');
INSERT INTO game (image_url, title, platform_title) VALUES('http://media.steampowered.com/steamcommunity/public/images/apps/292030/2f22c2e5528b78662988dfcb0fc9aad372f01686.jpg','The Witcher 3: Wild Hunt','Steam');
INSERT INTO game (image_url, title, platform_title) VALUES('http://media.steampowered.com/steamcommunity/public/images/apps/373650/754de334f0cbac6b7eb886c6b627fd56d00be2a6.jpg','The Assembly','Steam');
INSERT INTO game (image_url, title, platform_title) VALUES('http://media.steampowered.com/steamcommunity/public/images/apps/341940/aabd2b74ac2c46298b9270309777f95f853b5626.jpg','Hatred','Steam');
INSERT INTO game (image_url, title, platform_title) VALUES('http://media.steampowered.com/steamcommunity/public/images/apps/382110/4c32cf132501fb26528b3b3316363f89bcf81785.jpg','Virtual Desktop','Steam');
INSERT INTO game (image_url, title, platform_title) VALUES('http://media.steampowered.com/steamcommunity/public/images/apps/234140/f114c3cf063da97aac613bf408b465e50f43a644.jpg','Mad Max','Steam');
INSERT INTO game (image_url, title, platform_title) VALUES('http://media.steampowered.com/steamcommunity/public/images/apps/412740/8e8c19e0e77cf545cbc4a50506bfa554061e1f74.jpg','Audioshield','Steam');
INSERT INTO game (image_url, title, platform_title) VALUES('http://media.steampowered.com/steamcommunity/public/images/apps/418370/15324b81cc2f6c477c16ddc1f476525dd1afe96e.jpg','RESIDENT EVIL 7 biohazard / BIOHAZARD 7 resident evil','Steam');
INSERT INTO game (image_url, title, platform_title) VALUES('http://media.steampowered.com/steamcommunity/public/images/apps/418650/303c70c2ba6842a0603a9df28443fb570edade0c.jpg','Space Pirate Trainer','Steam');
INSERT INTO game (image_url, title, platform_title) VALUES('http://media.steampowered.com/steamcommunity/public/images/apps/427760/5244e49bfa8e7671400d426089a0f3c67b898514.jpg','A Chair in a Room: Greenwater','Steam');
INSERT INTO game (image_url, title, platform_title) VALUES('http://media.steampowered.com/steamcommunity/public/images/apps/239140/a2656cade3af57d07d0a9622d3b52745b26b2225.jpg','Dying Light','Steam');
INSERT INTO game (image_url, title, platform_title) VALUES('http://media.steampowered.com/steamcommunity/public/images/apps/391220/5270d12abfc683e6f1d39e7ac0b6f2db366e7209.jpg','Rise of the Tomb Raider','Steam');
INSERT INTO game (image_url, title, platform_title) VALUES('http://media.steampowered.com/steamcommunity/public/images/apps/436320/64f5f24a9a5907c0c00a7f5e3aad2c3b65281c26.jpg','Raw Data','Steam');
INSERT INTO game (image_url, title, platform_title) VALUES('http://media.steampowered.com/steamcommunity/public/images/apps/437220/d7ad336dace17fdb65fc1559c787beb80065c35e.jpg','The Culling','Steam');
INSERT INTO game (image_url, title, platform_title) VALUES('http://media.steampowered.com/steamcommunity/public/images/apps/440630/1d95ed9ebba3fbbd1373f267b9fd56599602b780.jpg','The Brookhaven Experiment','Steam');
INSERT INTO game (image_url, title, platform_title) VALUES('http://media.steampowered.com/steamcommunity/public/images/apps/440900/c6984e1bcd8901a3e2bfab2c97c6ffd38a1ebc8a.jpg','Conan Exiles','Steam');
INSERT INTO game (image_url, title, platform_title) VALUES('http://media.steampowered.com/steamcommunity/public/images/apps/365590/1fcb383a3dc433690068a7d49373f81a4bbe5ade.jpg','Tom Clancy''s The Division','Steam');
INSERT INTO game (image_url, title, platform_title) VALUES('http://media.steampowered.com/steamcommunity/public/images/apps/524440/e82e56c842f3628dfe29cffc7a3b38a6129bee0e.jpg','Tom Clancy''s The Division PTS','Steam');
INSERT INTO game (image_url, title, platform_title) VALUES('http://media.steampowered.com/steamcommunity/public/images/apps/448280/f03631841420796c193b5b31ffdd739a7a703d84.jpg','Job Simulator','Steam');
INSERT INTO game (image_url, title, platform_title) VALUES('http://media.steampowered.com/steamcommunity/public/images/apps/450390/dde7f70d5d590ba242ca8fcfaac9fe9b5e5e8754.jpg','The Lab','Steam');
INSERT INTO game (image_url, title, platform_title) VALUES('http://media.steampowered.com/steamcommunity/public/images/apps/379720/2e6aa9a14a0da798fe9f1c0a4d0bacecf241c0a2.jpg','DOOM','Steam');
INSERT INTO game (image_url, title, platform_title) VALUES('http://media.steampowered.com/steamcommunity/public/images/apps/469610/a55b1d3501ae84114bf7a94681f1051cf0080d64.jpg','Rick and Morty: Virtual Rick-ality','Steam');
INSERT INTO game (image_url, title, platform_title) VALUES('http://media.steampowered.com/steamcommunity/public/images/apps/486780/70ef38251d58213b677bfbb9c92dc68ef818c70e.jpg','Fruit Ninja VR','Steam');
INSERT INTO game (image_url, title, platform_title) VALUES('http://media.steampowered.com/steamcommunity/public/images/apps/498240/f65743589420350c12dfa8ba7029741e7312e2bc.jpg','Batman - The Telltale Series','Steam');
INSERT INTO game (image_url, title, platform_title) VALUES('http://media.steampowered.com/steamcommunity/public/images/apps/319630/e92d2b3a0c01be3bdd77ec665a3014028efaa105.jpg','Life is Strange™','Steam');
INSERT INTO game (image_url, title, platform_title) VALUES('http://media.steampowered.com/steamcommunity/public/images/apps/530620/a1ced06f7d0f9c270c6ad60ce8b33e64ee128d7e.jpg','Resident Evil 7 / Biohazard 7 Teaser: Beginning Hour','Steam');
INSERT INTO game (image_url, title, platform_title) VALUES('http://media.steampowered.com/steamcommunity/public/images/apps/480490/537e5753f65f16b745e83aabe83ca0c6e1dcbbb8.jpg','Prey','Steam');
INSERT INTO game (image_url, title, platform_title) VALUES('http://media.steampowered.com/steamcommunity/public/images/apps/552450/41380e1e29f9e1b44d06a37fe03dd8abf2733dfc.jpg','Serious Sam VR: The First Encounter','Steam');
INSERT INTO game (image_url, title, platform_title) VALUES('http://media.steampowered.com/steamcommunity/public/images/apps/555220/c74718ed12b69ad2ff5034763c5fe7c662d4d452.jpg','Detention','Steam');
INSERT INTO game (image_url, title, platform_title) VALUES('http://media.steampowered.com/steamcommunity/public/images/apps/204240/112da2a1e4e4e7e86f07f6aafc7d5866edb55871.jpg','The Bridge','Steam');
INSERT INTO game (image_url, title, platform_title) VALUES('http://media.steampowered.com/steamcommunity/public/images/apps/269710/997b4edcc7d42762160fd41bb1fc43ca776d10a3.jpg','Tumblestone','Steam');
INSERT INTO game (image_url, title, platform_title) VALUES('http://media.steampowered.com/steamcommunity/public/images/apps/582660/a7f54447b3622629240e60432ebca2fb4ff2c1e6.jpg','Black Desert Online','Steam');
INSERT INTO game (image_url, title, platform_title) VALUES('http://media.steampowered.com/steamcommunity/public/images/apps/585010/955b8b28e39614ba8d676fef1c6a3dcf84ca94c7.jpg','Reservoir Dogs: Bloody Days','Steam');
INSERT INTO game (image_url, title, platform_title) VALUES('http://media.steampowered.com/steamcommunity/public/images/apps/304390/7d851b600a101d37c1b2e3e542fe02a3013a3283.jpg','For Honor','Steam');
INSERT INTO game (image_url, title, platform_title) VALUES('http://media.steampowered.com/steamcommunity/public/images/apps/654310/fd4e6f834821573215fd71803958f2c0bb8411ec.jpg','For Honor - Public Test 3','Steam');
INSERT INTO game (image_url, title, platform_title) VALUES('http://media.steampowered.com/steamcommunity/public/images/apps/440/07385eb55b5ba974aebbe74d3c99626bda7920b8.jpg','Team Fortress 2','Steam');
INSERT INTO game (image_url, title, platform_title) VALUES('http://media.steampowered.com/steamcommunity/public/images/apps/570/d4f836839254be08d8e9dd333ecc9a01782c26d2.jpg','Dota 2','Steam');
INSERT INTO game (image_url, title, platform_title) VALUES('http://media.steampowered.com/steamcommunity/public/images/apps/24200/5304686024a25aed8d777e3d1e93aeef35d82c02.jpg','DC Universe Online','Steam');
INSERT INTO game (image_url, title, platform_title) VALUES('http://media.steampowered.com/steamcommunity/public/images/apps/250820/cb78fa6183c3c876ad90ed6d377cc2e98f8dfb59.jpg','SteamVR','Steam');
INSERT INTO game (image_url, title, platform_title) VALUES('http://media.steampowered.com/steamcommunity/public/images/apps/360/9a5b7119d4e8977fffcd370d3c24036be7cee904.jpg','Half-Life Deathmatch: Source','Steam');
INSERT INTO game (image_url, title, platform_title) VALUES('http://media.steampowered.com/steamcommunity/public/images/apps/380/b5a666a961d8b39896887abbed3b78c2b837c238.jpg','Half-Life 2: Episode One','Steam');
INSERT INTO game (image_url, title, platform_title) VALUES('http://media.steampowered.com/steamcommunity/public/images/apps/420/553e6a2e7a469dcbaada729baa1f5fd7764668df.jpg','Half-Life 2: Episode Two','Steam');
INSERT INTO game (image_url, title, platform_title) VALUES('http://media.steampowered.com/steamcommunity/public/images/apps/33230/6d29461ee9303967cb32c2142afaf9bbdb911b6f.jpg','Assassin''s Creed II','Steam');
INSERT INTO game (image_url, title, platform_title) VALUES('http://media.steampowered.com/steamcommunity/public/images/apps/8930/2203f62bd1bdc75c286c13534e50f22e3bd5bb58.jpg','Sid Meier''s Civilization V','Steam');
INSERT INTO game (image_url, title, platform_title) VALUES('http://media.steampowered.com/steamcommunity/public/images/apps/4560/e12e8695c6766b47a089351dd9c4531e669c2a7b.jpg','Company of Heroes','Steam');
INSERT INTO game (image_url, title, platform_title) VALUES('http://media.steampowered.com/steamcommunity/public/images/apps/228200/87aa009e93d5aa56a55d0e9056708d018ddd6483.jpg','Company of Heroes (New Steam Version)','Steam');
INSERT INTO game (image_url, title, platform_title) VALUES('http://media.steampowered.com/steamcommunity/public/images/apps/42910/8c59c674ef40f59c3bafde8ff0d59b7994c66477.jpg','Magicka','Steam');
INSERT INTO game (image_url, title, platform_title) VALUES('http://media.steampowered.com/steamcommunity/public/images/apps/48190/00991d5d48183ce4148617ff0fe9db2fabda346b.jpg','Assassin''s Creed Brotherhood','Steam');
INSERT INTO game (image_url, title, platform_title) VALUES('http://media.steampowered.com/steamcommunity/public/images/apps/39160/b0832153c35729d61575ffc71bea98e001dee41e.jpg','Dungeon Siege III','Steam');
INSERT INTO game (image_url, title, platform_title) VALUES('http://media.steampowered.com/steamcommunity/public/images/apps/42160/78a33bc66b2d52371ee1dc7d210c95167bd0c895.jpg','War of the Roses','Steam');
INSERT INTO game (image_url, title, platform_title) VALUES('http://media.steampowered.com/steamcommunity/public/images/apps/206980/edbc12973ba245bdd19d27994494ccdecbcd5520.jpg','War of the Roses Balance Beta','Steam');
INSERT INTO game (image_url, title, platform_title) VALUES('http://media.steampowered.com/steamcommunity/public/images/apps/97000/84c08604a715af02172b79c1f2a7563d51a2cd96.jpg','Solar 2','Steam');
INSERT INTO game (image_url, title, platform_title) VALUES('http://media.steampowered.com/steamcommunity/public/images/apps/39190/a990f7078b44f094834a44fdb1cc16ba54ef8828.jpg','Dungeon Siege','Steam');
INSERT INTO game (image_url, title, platform_title) VALUES('http://media.steampowered.com/steamcommunity/public/images/apps/39200/6db0c68f08e9332a99e83adc2152399c9cee196b.jpg','Dungeon Siege 2','Steam');
INSERT INTO game (image_url, title, platform_title) VALUES('http://media.steampowered.com/steamcommunity/public/images/apps/111400/50f9c2fc75304598e5f1da3e7e4377945c3c4fcd.jpg','Bunch Of Heroes','Steam');
INSERT INTO game (image_url, title, platform_title) VALUES('http://media.steampowered.com/steamcommunity/public/images/apps/102840/eec11d103112f36876bd746854d6e8f130ea6078.jpg','Shank 2','Steam');
INSERT INTO game (image_url, title, platform_title) VALUES('http://media.steampowered.com/steamcommunity/public/images/apps/65800/71af270cff61ab197f9932212012134a436d9682.jpg','Dungeon Defenders','Steam');
INSERT INTO game (image_url, title, platform_title) VALUES('http://media.steampowered.com/steamcommunity/public/images/apps/201870/ac2a172c79ea93d98102b15dbf5dbac8d88aea70.jpg','Assassin''s Creed Revelations','Steam');
INSERT INTO game (image_url, title, platform_title) VALUES('http://media.steampowered.com/steamcommunity/public/images/apps/96800/dd32fffabc3fc72b5bc3d1f54d03406a767af7b2.jpg','Nexuiz','Steam');
INSERT INTO game (image_url, title, platform_title) VALUES('http://media.steampowered.com/steamcommunity/public/images/apps/216370/dd32fffabc3fc72b5bc3d1f54d03406a767af7b2.jpg','Nexuiz Beta','Steam');
INSERT INTO game (image_url, title, platform_title) VALUES('http://media.steampowered.com/steamcommunity/public/images/apps/225760/b65d9cb339952799606d2c478521013f1b725df6.jpg','Nexuiz STUPID Mode','Steam');
INSERT INTO game (image_url, title, platform_title) VALUES('http://media.steampowered.com/steamcommunity/public/images/apps/208670/1d3d3d42f41e9a0c6aa7c43970a4b4b30f2dcc11.jpg','Blades of Time','Steam');
INSERT INTO game (image_url, title, platform_title) VALUES('http://media.steampowered.com/steamcommunity/public/images/apps/203630/4240e3ce4448d5ae9f8fef327d7d6cfa24713ee0.jpg','Warlock - Master of the Arcane','Steam');
INSERT INTO game (image_url, title, platform_title) VALUES('http://media.steampowered.com/steamcommunity/public/images/apps/63380/382d7f4a6eff4896ff4d137f0906735c99bd0300.jpg','Sniper Elite V2','Steam');
INSERT INTO game (image_url, title, platform_title) VALUES('http://media.steampowered.com/steamcommunity/public/images/apps/211360/109f59a841a271e4f97175c0ef56ce6809d93fdc.jpg','Offspring Fling!','Steam');
INSERT INTO game (image_url, title, platform_title) VALUES('http://media.steampowered.com/steamcommunity/public/images/apps/80/acdb28ba1b4c2fcc526332c1b63fc0f7533f087f.jpg','Counter-Strike: Condition Zero','Steam');
INSERT INTO game (image_url, title, platform_title) VALUES('http://media.steampowered.com/steamcommunity/public/images/apps/100/acdb28ba1b4c2fcc526332c1b63fc0f7533f087f.jpg','Counter-Strike: Condition Zero Deleted Scenes','Steam');
INSERT INTO game (image_url, title, platform_title) VALUES('http://media.steampowered.com/steamcommunity/public/images/apps/730/d0595ff02f5c79fd19b06f4d6165c3fda2372820.jpg','Counter-Strike: Global Offensive','Steam');
INSERT INTO game (image_url, title, platform_title) VALUES('http://media.steampowered.com/steamcommunity/public/images/apps/204220/5e0f448c6fa62e33c8142d2738690b4bc55bed19.jpg','Snapshot','Steam');
INSERT INTO game (image_url, title, platform_title) VALUES('http://media.steampowered.com/steamcommunity/public/images/apps/214790/e1a86d61e73936e1e279843c781e914302f03a5c.jpg','The Basement Collection','Steam');
INSERT INTO game (image_url, title, platform_title) VALUES('http://media.steampowered.com/steamcommunity/public/images/apps/72000/6e01635915c7a052c64c81f1408844a596917d2e.jpg','Closure','Steam');
INSERT INTO game (image_url, title, platform_title) VALUES('http://media.steampowered.com/steamcommunity/public/images/apps/221260/832ef3fdc5f9f38113302042f0c639ec9668ab73.jpg','Little Inferno','Steam');
INSERT INTO game (image_url, title, platform_title) VALUES('http://media.steampowered.com/steamcommunity/public/images/apps/200510/eaa298d2b0d908b2c4f5370d2c8c59a8eff887c6.jpg','XCOM: Enemy Unknown','Steam');
INSERT INTO game (image_url, title, platform_title) VALUES('http://media.steampowered.com/steamcommunity/public/images/apps/57690/9123d91a47399baf116c2949dcebcd42b1962fbe.jpg','Tropico 4','Steam');
INSERT INTO game (image_url, title, platform_title) VALUES('http://media.steampowered.com/steamcommunity/public/images/apps/26900/c1d7c6248392fae24328cb2f2e307c636b831202.jpg','Crayon Physics Deluxe','Steam');
INSERT INTO game (image_url, title, platform_title) VALUES('http://media.steampowered.com/steamcommunity/public/images/apps/221640/4af06ddc675125c0efdd125f5f180fb0eca53625.jpg','Super Hexagon','Steam');
INSERT INTO game (image_url, title, platform_title) VALUES('http://media.steampowered.com/steamcommunity/public/images/apps/201790/c345d9b205f349f0e7f4e6cdf8af4d0b7d242505.jpg','Orcs Must Die! 2','Steam');
INSERT INTO game (image_url, title, platform_title) VALUES('http://media.steampowered.com/steamcommunity/public/images/apps/224540/83561ae57d97633ec2ab54e4bebb33d5cb789260.jpg','Ace of Spades','Steam');
INSERT INTO game (image_url, title, platform_title) VALUES('http://media.steampowered.com/steamcommunity/public/images/apps/208480/81f8b16b6f248f18e808967ce3ea19fdfed668f1.jpg','Assassin''s Creed® III','Steam');
INSERT INTO game (image_url, title, platform_title) VALUES('http://media.steampowered.com/steamcommunity/public/images/apps/218130/80fa1305a0eb4c3512cf2423be2716a0140d9a35.jpg','Dungeonland','Steam');
INSERT INTO game (image_url, title, platform_title) VALUES('http://media.steampowered.com/steamcommunity/public/images/apps/228280/29e972cd573c41deb9369a0c37000275a114df1c.jpg','Baldur''s Gate: Enhanced Edition','Steam');
INSERT INTO game (image_url, title, platform_title) VALUES('http://media.steampowered.com/steamcommunity/public/images/apps/204080/5d74e29afa47d87ad8ab40c8e491135e984ff938.jpg','The Showdown Effect','Steam');
INSERT INTO game (image_url, title, platform_title) VALUES('http://media.steampowered.com/steamcommunity/public/images/apps/212070/78d5f3053bb1854258a9202324f9d37bca60a6d0.jpg','Star Conflict','Steam');
INSERT INTO game (image_url, title, platform_title) VALUES('http://media.steampowered.com/steamcommunity/public/images/apps/218230/8bb9796bf871a1d620b28db4dfb2abef2138542d.jpg','PlanetSide 2','Steam');
INSERT INTO game (image_url, title, platform_title) VALUES('http://media.steampowered.com/steamcommunity/public/images/apps/230410/3785f3576cdef5cf20a8b815bdf867154ccbe7d5.jpg','Warframe','Steam');
INSERT INTO game (image_url, title, platform_title) VALUES('http://media.steampowered.com/steamcommunity/public/images/apps/248570/a364e4ad7f1a9084d8d98a1997a0696967e70c50.jpg','Toribash','Steam');
INSERT INTO game (image_url, title, platform_title) VALUES('http://media.steampowered.com/steamcommunity/public/images/apps/202090/757d299068d2edc1a2baed9f98c31157de3c8df9.jpg','Magicka: Wizard Wars','Steam');
INSERT INTO game (image_url, title, platform_title) VALUES('http://media.steampowered.com/steamcommunity/public/images/apps/225420/199b0db2bcc736d44bc1a605377cce9687b35c0e.jpg','Cities in Motion 2','Steam');
INSERT INTO game (image_url, title, platform_title) VALUES('http://media.steampowered.com/steamcommunity/public/images/apps/3830/b361ab26b2c47d4abd11be0ebd3d6b675512ec1b.jpg','Psychonauts','Steam');
INSERT INTO game (image_url, title, platform_title) VALUES('http://media.steampowered.com/steamcommunity/public/images/apps/115100/125ad90dba2c6c3726837ae9c1889d8009f806a9.jpg','Costume Quest','Steam');
INSERT INTO game (image_url, title, platform_title) VALUES('http://media.steampowered.com/steamcommunity/public/images/apps/115110/5bbd716992eab33cc5bbcd54cf691da700372329.jpg','Stacking','Steam');
INSERT INTO game (image_url, title, platform_title) VALUES('http://media.steampowered.com/steamcommunity/public/images/apps/210770/333a8c65480bb85148bb3a185843a8520ae5d90f.jpg','Sanctum 2','Steam');
INSERT INTO game (image_url, title, platform_title) VALUES('http://media.steampowered.com/steamcommunity/public/images/apps/202270/f32fb574ec1d628d98e384b76aeaae10d7cbca1e.jpg','Leviathan: Warships','Steam');
INSERT INTO game (image_url, title, platform_title) VALUES('http://media.steampowered.com/steamcommunity/public/images/apps/215690/b85c522027ac534fd0a9bfadd4ea23e9452c5128.jpg','Zeno Clash 2','Steam');
INSERT INTO game (image_url, title, platform_title) VALUES('http://media.steampowered.com/steamcommunity/public/images/apps/224420/099c673781fd457f9563a40d57fca42c71da174e.jpg','Afterfall InSanity Extended Edition','Steam');
INSERT INTO game (image_url, title, platform_title) VALUES('http://media.steampowered.com/steamcommunity/public/images/apps/214950/3d7288fc5fd2d84036845fcc052e18374fcc6ccd.jpg','Total War: ROME II - Emperor Edition','Steam');
INSERT INTO game (image_url, title, platform_title) VALUES('http://media.steampowered.com/steamcommunity/public/images/apps/9480/2b9558ad2e909957d66b4d8aa5e8b51eda951f69.jpg','Saints Row 2','Steam');
INSERT INTO game (image_url, title, platform_title) VALUES('http://media.steampowered.com/steamcommunity/public/images/apps/40390/e1b72e0af10d743a3d51800bd208bbe2890b9953.jpg','Risen 2 - Dark Waters','Steam');
INSERT INTO game (image_url, title, platform_title) VALUES('http://media.steampowered.com/steamcommunity/public/images/apps/225640/1df208627b74f8d7f45e4504ba4fdfb55011f056.jpg','Sacred 2 Gold','Steam');
INSERT INTO game (image_url, title, platform_title) VALUES('http://media.steampowered.com/steamcommunity/public/images/apps/40300/e65177f1ab3fbbde7286c1233724eca7f5b9148c.jpg','Risen','Steam');
INSERT INTO game (image_url, title, platform_title) VALUES('http://media.steampowered.com/steamcommunity/public/images/apps/207930/ac6b326412f4000453e789a8c3a104145728836c.jpg','Sacred Citadel','Steam');
INSERT INTO game (image_url, title, platform_title) VALUES('http://media.steampowered.com/steamcommunity/public/images/apps/231040/630a0fe52c40facdbdf8be2070a5dc0fa1a83159.jpg','Beatbuddy: Tale of the Guardians','Steam');
INSERT INTO game (image_url, title, platform_title) VALUES('http://media.steampowered.com/steamcommunity/public/images/apps/47790/8a925ea4d40df32587ddae98d4e7fc5a6518b0f7.jpg','Medal of Honor(TM) Single Player','Steam');
INSERT INTO game (image_url, title, platform_title) VALUES('http://media.steampowered.com/steamcommunity/public/images/apps/47830/8a925ea4d40df32587ddae98d4e7fc5a6518b0f7.jpg','Medal of Honor(TM) Multiplayer','Steam');
INSERT INTO game (image_url, title, platform_title) VALUES('http://media.steampowered.com/steamcommunity/public/images/apps/25800/ceac4062b4c269c8af3b59dd390c7a9d7b5b340b.jpg','Europa Universalis III','Steam');
INSERT INTO game (image_url, title, platform_title) VALUES('http://media.steampowered.com/steamcommunity/public/images/apps/255220/c8ef54ffd81bf8d34b658bad3009ffbf91197093.jpg','GRID Autosport','Steam');
INSERT INTO game (image_url, title, platform_title) VALUES('http://media.steampowered.com/steamcommunity/public/images/apps/9350/48baca59dc7ff836d3a5e4bcebb23ccfea3ce3de.jpg','Supreme Commander','Steam');
INSERT INTO game (image_url, title, platform_title) VALUES('http://media.steampowered.com/steamcommunity/public/images/apps/9420/20bbdf95d94ac06a61e68ee64ad50b7cf3b71bd4.jpg','Supreme Commander: Forged Alliance','Steam');
INSERT INTO game (image_url, title, platform_title) VALUES('http://media.steampowered.com/steamcommunity/public/images/apps/39650/cca1dbcb16333a5abd98cb57689b81e4bc196e5f.jpg','The Guild II','Steam');
INSERT INTO game (image_url, title, platform_title) VALUES('http://media.steampowered.com/steamcommunity/public/images/apps/55110/19f894d0e08dff8e284d4facc5968a1025da997d.jpg','Red Faction: Armageddon','Steam');
INSERT INTO game (image_url, title, platform_title) VALUES('http://media.steampowered.com/steamcommunity/public/images/apps/39690/ff47f03cb1da4dca9a4c2f0274cf434a33dd8cca.jpg','ArcaniA','Steam');
INSERT INTO game (image_url, title, platform_title) VALUES('http://media.steampowered.com/steamcommunity/public/images/apps/65530/df8102fa40ea8784656cd127c53fb1167ffb9dc6.jpg','SpellForce 2 - Faith in Destiny','Steam');
INSERT INTO game (image_url, title, platform_title) VALUES('http://media.steampowered.com/steamcommunity/public/images/apps/214870/4a43f4cb7b0d8fb409a97ef2669aa3a3953d0f51.jpg','Painkiller Hell & Damnation','Steam');
INSERT INTO game (image_url, title, platform_title) VALUES('http://media.steampowered.com/steamcommunity/public/images/apps/260750/f71e24621cd9e1d2f56293cfca2e0165b2366731.jpg','Neighbours from Hell','Steam');
INSERT INTO game (image_url, title, platform_title) VALUES('http://media.steampowered.com/steamcommunity/public/images/apps/260770/199dfba010dac478865aa318b44b22fa7396fd1a.jpg','Neighbours from Hell 2','Steam');
INSERT INTO game (image_url, title, platform_title) VALUES('http://media.steampowered.com/steamcommunity/public/images/apps/273110/aaeb7214a039bdbf3aed649657096ce367672afc.jpg','Counter-Strike Nexon: Zombies','Steam');
INSERT INTO game (image_url, title, platform_title) VALUES('http://media.steampowered.com/steamcommunity/public/images/apps/275850/cba0b86aa959a8c63eeda8f5f6d19ef986262b67.jpg','No Man''s Sky','Steam');
INSERT INTO game (image_url, title, platform_title) VALUES('http://media.steampowered.com/steamcommunity/public/images/apps/285330/3ae87150d149984acfaab5e7feafec09e24680cf.jpg','RollerCoaster Tycoon 2: Triple Thrill Pack','Steam');
INSERT INTO game (image_url, title, platform_title) VALUES('http://media.steampowered.com/steamcommunity/public/images/apps/301520/5b82ed7ef666441b56f53cab8e93b2d5c7d44d4c.jpg','Robocraft','Steam');
INSERT INTO game (image_url, title, platform_title) VALUES('http://media.steampowered.com/steamcommunity/public/images/apps/302270/a806dc1658de6d30ce263b0b56e01ddf03e50565.jpg','Dungeon Defenders Eternity','Steam');
INSERT INTO game (image_url, title, platform_title) VALUES('http://media.steampowered.com/steamcommunity/public/images/apps/304050/af5b68335bcb09e5fdd40b5e25fa6475ed75f263.jpg','Trove','Steam');
INSERT INTO game (image_url, title, platform_title) VALUES('http://media.steampowered.com/steamcommunity/public/images/apps/304930/32b7ea686e0fb11e24008e4dab179a40a6b2eb09.jpg','Unturned','Steam');
INSERT INTO game (image_url, title, platform_title) VALUES('http://media.steampowered.com/steamcommunity/public/images/apps/224600/0b9d1e2e5f2a0a21773d1625b1e2b37bae30bc21.jpg','Defiance','Steam');
INSERT INTO game (image_url, title, platform_title) VALUES('http://media.steampowered.com/steamcommunity/public/images/apps/227700/89c55efb73b88472ae69315dc691353955edcd98.jpg','Firefall','Steam');
INSERT INTO game (image_url, title, platform_title) VALUES('http://media.steampowered.com/steamcommunity/public/images/apps/310380/6fb7ce7701d0715e440b723b092afac35fb79024.jpg','Fractured Space','Steam');
INSERT INTO game (image_url, title, platform_title) VALUES('http://media.steampowered.com/steamcommunity/public/images/apps/269210/a6eac837537abc6be26390d36782dcd1e138ceb4.jpg','Hero Siege','Steam');
INSERT INTO game (image_url, title, platform_title) VALUES('http://media.steampowered.com/steamcommunity/public/images/apps/321040/bb89ef19777c30c8551b0f4eea296d6ca33007cc.jpg','DiRT 3 Complete Edition','Steam');
INSERT INTO game (image_url, title, platform_title) VALUES('http://media.steampowered.com/steamcommunity/public/images/apps/24240/985cce1caab10e5b5f11af73c75fe0c5411ed76a.jpg','PAYDAY: The Heist','Steam');
INSERT INTO game (image_url, title, platform_title) VALUES('http://media.steampowered.com/steamcommunity/public/images/apps/329380/a33c7e1f295648db3136fd498c5971f73473de57.jpg','Stealth Inc 2','Steam');
INSERT INTO game (image_url, title, platform_title) VALUES('http://media.steampowered.com/steamcommunity/public/images/apps/333930/b0a7716d2f51f08e4dd173fa8dc38eebe4e357d5.jpg','Dirty Bomb','Steam');
INSERT INTO game (image_url, title, platform_title) VALUES('http://media.steampowered.com/steamcommunity/public/images/apps/236110/fe628ba79f4b23a5aee079d1c71f7c1ef24065f4.jpg','Dungeon Defenders II','Steam');
INSERT INTO game (image_url, title, platform_title) VALUES('http://media.steampowered.com/steamcommunity/public/images/apps/339400/95e1e1c02f5f681c9263c491002b5bc22feae42c.jpg','Runestone Keeper','Steam');
INSERT INTO game (image_url, title, platform_title) VALUES('http://media.steampowered.com/steamcommunity/public/images/apps/356640/a98569719fb63ebcdb74d2fc8f2c8662e3e9ba8c.jpg','Metro Conflict','Steam');
INSERT INTO game (image_url, title, platform_title) VALUES('http://media.steampowered.com/steamcommunity/public/images/apps/359320/8cec856f5350e59f874bc1171fc864175fe095eb.jpg','Elite Dangerous','Steam');
INSERT INTO game (image_url, title, platform_title) VALUES('http://media.steampowered.com/steamcommunity/public/images/apps/375010/9a8633a9455a9e2c02e487cc5d55c87d49b471a6.jpg','Energy Balance','Steam');
INSERT INTO game (image_url, title, platform_title) VALUES('http://media.steampowered.com/steamcommunity/public/images/apps/404690/c0046ca934f3e3ec4e180f2053447303a1f25954.jpg','This Book Is A Dungeon','Steam');
INSERT INTO game (image_url, title, platform_title) VALUES('http://media.steampowered.com/steamcommunity/public/images/apps/414370/74a95a3d61a2f64b1a6c777af0561b29c9aacec5.jpg','Raining Blobs','Steam');
INSERT INTO game (image_url, title, platform_title) VALUES('http://media.steampowered.com/steamcommunity/public/images/apps/422970/6e99d7d898e8471120519544aab8664c21d8d1c5.jpg','Devil Daggers','Steam');
INSERT INTO game (image_url, title, platform_title) VALUES('http://media.steampowered.com/steamcommunity/public/images/apps/443080/47adf44b85d37595ee5c5cb9cca1f527b3670c33.jpg','Elite Dangerous: Arena','Steam');
INSERT INTO game (image_url, title, platform_title) VALUES('http://media.steampowered.com/steamcommunity/public/images/apps/369200/f75d9fba3e0eb7693b2d796eb95a52e31f2f54ea.jpg','Ghost in the Shell: Stand Alone Complex - First Assault Online','Steam');
INSERT INTO game (image_url, title, platform_title) VALUES('http://media.steampowered.com/steamcommunity/public/images/apps/48000/9f35c3d64649a5a03b69d6a9218b1f77caf15025.jpg','LIMBO','Steam');
INSERT INTO game (image_url, title, platform_title) VALUES('http://media.steampowered.com/steamcommunity/public/images/apps/442080/2d6df14d2fa0358b2232f815af9716236939a842.jpg','Riders of Icarus','Steam');
INSERT INTO game (image_url, title, platform_title) VALUES('http://media.steampowered.com/steamcommunity/public/images/apps/252850/cc37b0e18b2a3f53cd0b38987eb6dd5fbcfb303d.jpg','Streamline','Steam');
INSERT INTO game (image_url, title, platform_title) VALUES('http://media.steampowered.com/steamcommunity/public/images/apps/92/2fcd462bbcb218bd6887165c7ff9acff5f5e744e.jpg','Codename Gordon','Steam');
INSERT INTO game (image_url, title, platform_title) VALUES('http://media.steampowered.com/steamcommunity/public/images/apps/211/265be1d1db7ecf801a1ac8fde07692a567c14bb0.jpg','Source SDK','Steam');
INSERT INTO game (image_url, title, platform_title) VALUES('http://media.steampowered.com/steamcommunity/public/images/apps/630/de3320a2c29b55b6f21d142dee26d9b044a29e97.jpg','Alien Swarm','Steam');
INSERT INTO game (image_url, title, platform_title) VALUES('http://media.steampowered.com/steamcommunity/public/images/apps/17550/d0465552ca1173ef0ec5d39ea5c28b41834395fb.jpg','Eternal Silence','Steam');
INSERT INTO game (image_url, title, platform_title) VALUES('http://cdn.akamai.steamstatic.com/steam/apps/578080/header.jpg?t=1499474448','PLAYERUNKNOWN''S BATTLEGROUNDS','Steam');
INSERT INTO game (image_url, title, platform_title) VALUES('http://media.steampowered.com/steamcommunity/public/images/apps/2290/1e0cd3379c55bf95d2e8648dbdda445ad6f65e12.jpg','Final DOOM','Steam');
INSERT INTO game (image_url, title, platform_title) VALUES('http://media.steampowered.com/steamcommunity/public/images/apps/2300/91e04640ffc94bf7036489d1a72575b0483bfb04.jpg','DOOM II: Hell on Earth','Steam');
INSERT INTO game (image_url, title, platform_title) VALUES('http://media.steampowered.com/steamcommunity/public/images/apps/9160/3e282900d76dedac95fd76ad815e2e88c8251045.jpg','Master Levels for DOOM II','Steam');
INSERT INTO game (image_url, title, platform_title) VALUES('http://media.steampowered.com/steamcommunity/public/images/apps/220700/244b23a4c38ec17225664d9c8f02a96f13498fa8.jpg','RPG Maker VX Ace','Steam');
INSERT INTO game (image_url, title, platform_title) VALUES('http://media.steampowered.com/steamcommunity/public/images/apps/230050/0dfb5f55501d52def13dea3a2987eee8781a5d7c.jpg','DLC Quest','Steam');
INSERT INTO game (image_url, title, platform_title) VALUES('http://media.steampowered.com/steamcommunity/public/images/apps/206210/3590ca6e48449e7a69a9a51b31b6c74f2ac99825.jpg','Gotham City Impostors: Free To Play','Steam');
INSERT INTO game (image_url, title, platform_title) VALUES('http://media.steampowered.com/steamcommunity/public/images/apps/212500/bbe89aa0f4cd84242c8d748519bb49b1d8ef6113.jpg','The Lord of the Rings Online™','Steam');
INSERT INTO game (image_url, title, platform_title) VALUES('http://media.steampowered.com/steamcommunity/public/images/apps/253710/fbfd9daf55e8489e42500bd3e08ca8f4c5f028db.jpg','theHunter Classic','Steam');
INSERT INTO game (image_url, title, platform_title) VALUES('http://media.steampowered.com/steamcommunity/public/images/apps/217200/f91dbe41a0e36e34e5289854ada4229b77ece582.jpg','Worms Armageddon','Steam');
INSERT INTO game (image_url, title, platform_title) VALUES('http://media.steampowered.com/steamcommunity/public/images/apps/7000/a7e20f47f52a72173ee28bd29c09a459b5689744.jpg','Tomb Raider: Legend','Steam');
INSERT INTO game (image_url, title, platform_title) VALUES('http://media.steampowered.com/steamcommunity/public/images/apps/8000/8b05ccbaa0891984239414b0fdfbb6b5b4590022.jpg','Tomb Raider: Anniversary','Steam');
INSERT INTO game (image_url, title, platform_title) VALUES('http://media.steampowered.com/steamcommunity/public/images/apps/8140/a08097780278c2c88bd7c46ce500a7a2baef87ec.jpg','Tomb Raider: Underworld','Steam');
INSERT INTO game (image_url, title, platform_title) VALUES('http://media.steampowered.com/steamcommunity/public/images/apps/224960/8d6c3b57af6cd63228aef85b98dab3a5e1470b76.jpg','Tomb Raider I','Steam');
INSERT INTO game (image_url, title, platform_title) VALUES('http://media.steampowered.com/steamcommunity/public/images/apps/224980/b1af50d833d551b03d217c02a953614f47a1b26d.jpg','Tomb Raider: The Last Revelation','Steam');
INSERT INTO game (image_url, title, platform_title) VALUES('http://media.steampowered.com/steamcommunity/public/images/apps/225000/d22fd91fc57d59fa00dc466e758e69e5f4a06264.jpg','Tomb Raider: Chronicles','Steam');
INSERT INTO game (image_url, title, platform_title) VALUES('http://media.steampowered.com/steamcommunity/public/images/apps/225020/646a5e314efa8d47768b5344ebbc03e9cda84e49.jpg','Tomb Raider (VI): The Angel of Darkness','Steam');
INSERT INTO game (image_url, title, platform_title) VALUES('http://media.steampowered.com/steamcommunity/public/images/apps/225300/16ade9bf6146dcdb35a1e88372001f7f1d7b5b51.jpg','Tomb Raider II','Steam');
INSERT INTO game (image_url, title, platform_title) VALUES('http://media.steampowered.com/steamcommunity/public/images/apps/225320/abea79007994d6150d8e5589e2731f469ff1250f.jpg','Tomb Raider III: Adventures of Lara Croft','Steam');
INSERT INTO game (image_url, title, platform_title) VALUES('http://media.steampowered.com/steamcommunity/public/images/apps/35450/02d367780a6dcdba708bb8b94fbc42f23ba99a5b.jpg','Rising Storm/Red Orchestra 2 Multiplayer','Steam');
INSERT INTO game (image_url, title, platform_title) VALUES('http://media.steampowered.com/steamcommunity/public/images/apps/241600/c591f688add1e008d5d92e82b9d9fa2332e20491.jpg','Rogue Legacy','Steam');
INSERT INTO game (image_url, title, platform_title) VALUES('http://media.steampowered.com/steamcommunity/public/images/apps/239030/eb4c045f73f9a4b1bac708e70fb12f12cd53010f.jpg','Papers, Please','Steam');
INSERT INTO game (image_url, title, platform_title) VALUES('http://media.steampowered.com/steamcommunity/public/images/apps/222940/9f2bec35f18bfc1a80ffab64bc51a09a880343b6.jpg','THE KING OF FIGHTERS XIII STEAM EDITION','Steam');
INSERT INTO game (image_url, title, platform_title) VALUES('http://media.steampowered.com/steamcommunity/public/images/apps/111900/08a7116bebd1bf44bb8e86495358dca14224d223.jpg','Guardians of Middle-earth','Steam');
INSERT INTO game (image_url, title, platform_title) VALUES('http://media.steampowered.com/steamcommunity/public/images/apps/253370/1dacc19d9c6f622dcfc1953a1684ee9003f979f4.jpg','Axis Game Factory''s AGFPRO 3.0','Steam');
INSERT INTO game (image_url, title, platform_title) VALUES('http://media.steampowered.com/steamcommunity/public/images/apps/105450/c5ad5a14c259ea16f1193c32c2753fc037b9d42b.jpg','Age of Empires® III: Complete Collection','Steam');
INSERT INTO game (image_url, title, platform_title) VALUES('http://media.steampowered.com/steamcommunity/public/images/apps/221380/37e9da3f1174891fe38f8fb0206acda8b6bfc729.jpg','Age of Empires II: HD Edition','Steam');
INSERT INTO game (image_url, title, platform_title) VALUES('http://media.steampowered.com/steamcommunity/public/images/apps/215530/af4c392d5bc11db6dad9a88fed0c65b0ba88c73a.jpg','The Incredible Adventures of Van Helsing','Steam');
INSERT INTO game (image_url, title, platform_title) VALUES('http://media.steampowered.com/steamcommunity/public/images/apps/266310/b5c7751e66e9cad9db117d859bb81d2f97985834.jpg','GameGuru','Steam');
INSERT INTO game (image_url, title, platform_title) VALUES('http://media.steampowered.com/steamcommunity/public/images/apps/235900/e966e41f2ee435e90de5ca2eb028384a7e326833.jpg','RPG Maker XP','Steam');
INSERT INTO game (image_url, title, platform_title) VALUES('http://media.steampowered.com/steamcommunity/public/images/apps/272010/609b28802914397b4f8c329e9a03b8ec71f46a53.jpg','Aveyond 3-1: Lord of Twilight','Steam');
INSERT INTO game (image_url, title, platform_title) VALUES('http://media.steampowered.com/steamcommunity/public/images/apps/277430/5b8a0774b816b0edeaac1cbf2deeaec26dd486a8.jpg','Halo: Spartan Assault','Steam');
INSERT INTO game (image_url, title, platform_title) VALUES('http://media.steampowered.com/steamcommunity/public/images/apps/278460/4e719b701c309d5224a70856862cff9051d93413.jpg','Skyborn','Steam');
INSERT INTO game (image_url, title, platform_title) VALUES('http://media.steampowered.com/steamcommunity/public/images/apps/278570/da318192154aa22a01e4e6a326758ca0a140cceb.jpg','Labyrinthine Dreams','Steam');
INSERT INTO game (image_url, title, platform_title) VALUES('http://media.steampowered.com/steamcommunity/public/images/apps/285420/4ca028d73cac1151be31489e566bb27c8adfdd75.jpg','Deadly Sin 2','Steam');
INSERT INTO game (image_url, title, platform_title) VALUES('http://media.steampowered.com/steamcommunity/public/images/apps/285440/72ab0aac6800b9ec9f79571d6f425f0e687d04ca.jpg','Crimzon Clover  WORLD IGNITION','Steam');
INSERT INTO game (image_url, title, platform_title) VALUES('http://media.steampowered.com/steamcommunity/public/images/apps/292230/d989d23ec66ed27eef19802211333640a444026d.jpg','Game Character Hub','Steam');
INSERT INTO game (image_url, title, platform_title) VALUES('http://media.steampowered.com/steamcommunity/public/images/apps/300540/993040f7d258fbe96150f80e3acca753942caccd.jpg','Sweet Lily Dreams','Steam');
INSERT INTO game (image_url, title, platform_title) VALUES('http://unitedwegame.herokuapp.com/no-image-found.jpg','AGFPROV3 Premium','Steam');
INSERT INTO game (image_url, title, platform_title) VALUES('http://media.steampowered.com/steamcommunity/public/images/apps/316830/75f849066027b7ce9aee432e186bd7411903e59c.jpg','Sprite Lamp','Steam');
INSERT INTO game (image_url, title, platform_title) VALUES('http://media.steampowered.com/steamcommunity/public/images/apps/325180/d9f9a615c9d19b0a9d7d8363ac74ce650fbb9296.jpg','App Game Kit','Steam');
INSERT INTO game (image_url, title, platform_title) VALUES('http://media.steampowered.com/steamcommunity/public/images/apps/326730/0ca72392ec25b32abbf15833ab19c0d671ee9ff9.jpg','Whisper of a Rose','Steam');
INSERT INTO game (image_url, title, platform_title) VALUES('http://media.steampowered.com/steamcommunity/public/images/apps/332360/a0cce9d03da1e07b6b19e1aeffb86d6b3626e87d.jpg','Spriter Pro','Steam');
INSERT INTO game (image_url, title, platform_title) VALUES('http://media.steampowered.com/steamcommunity/public/images/apps/335840/cceca2af2caf960b2e1c98e2d79b57ffe35daec5.jpg','Goats on a Bridge','Steam');
INSERT INTO game (image_url, title, platform_title) VALUES('http://media.steampowered.com/steamcommunity/public/images/apps/346110/58a660ddb7ed1864656ec65e4c18d6edd3bbf512.jpg','ARK: Survival Evolved','Steam');
INSERT INTO game (image_url, title, platform_title) VALUES('http://media.steampowered.com/steamcommunity/public/images/apps/407530/870478f8ba64ce675aa232829c046fbce3bdbdde.jpg','ARK: Survival Of The Fittest','Steam');
INSERT INTO game (image_url, title, platform_title) VALUES('http://media.steampowered.com/steamcommunity/public/images/apps/355530/0c904fa05f6da1ff361fc5eaed4761a53a4b71b1.jpg','Last Word','Steam');
INSERT INTO game (image_url, title, platform_title) VALUES('http://media.steampowered.com/steamcommunity/public/images/apps/360010/a94c675d195b6f6eb4863f3b130f4fe4aab85b23.jpg','Remnants of Isolation','Steam');
INSERT INTO game (image_url, title, platform_title) VALUES('http://media.steampowered.com/steamcommunity/public/images/apps/419460/f3a1e44c022554a99c2aab1737a8242ad6d4dd2e.jpg','That Dragon, Cancer','Steam');
INSERT INTO game (image_url, title, platform_title) VALUES('http://media.steampowered.com/steamcommunity/public/images/apps/34270/63f7807a9c6acbb8a9359d11f4ec689a1c7a2841.jpg','SEGA Mega Drive & Genesis Classics','Steam');
INSERT INTO game (image_url, title, platform_title) VALUES('http://media.steampowered.com/steamcommunity/public/images/apps/99300/6535ea9cf634e38142113b7c0ede148355f110df.jpg','Renegade Ops','Steam');
INSERT INTO game (image_url, title, platform_title) VALUES('http://media.steampowered.com/steamcommunity/public/images/apps/211160/bc838a2645c033337296d94235bdd4e6f87a6c79.jpg','Viking: Battle for Asgard','Steam');
INSERT INTO game (image_url, title, platform_title) VALUES('http://media.steampowered.com/steamcommunity/public/images/apps/1840/a6582cbd44dfc66cc78e113ca26bd74f7812c621.jpg','Source Filmmaker','Steam');
INSERT INTO game (image_url, title, platform_title) VALUES('http://media.steampowered.com/steamcommunity/public/images/apps/8230/aedfd5435cc55a6d7397805bf55b67b48f1f0c3e.jpg','Sam & Max 104: Abe Lincoln Must Die!','Steam');


